sample	tumor_fraction	FGA	AS_50	chr	start	end	segment_size_mb	segment_label	logR	corr_CN	corr_call	orig_CN	orig_call	arm	arm_status_50	segment_arm_concordance	overlapping_genes	n_genes	gene_details	gene_cytobands	published_cna_freq	published_mut_freq	evidence_tier	in_ptcl_list	in_cbioportal_cna	in_cbioportal_mut
B1_S01	0.06348	0.388625591584265	15	1	1000001	235000000	234	chr1:1-235Mb	0.0153012236036682	3	GAIN	3	GAIN	1p	GAIN	YES	ARID1A, CD58, CDC73, CDKN2C, H3-4, JAK1, LCK, MCL1, MTOR, MYCL, NOTCH2, NRAS, NTRK1, PARP1, RIT1, SETDB1, SPEN, YTHDF2	18	ARID1A (Chromatin remodelling); CD58 (Immune evasion); CDC73 (OncoKB cancer gene); CDKN2C (OncoKB cancer gene); H3-4 (OncoKB cancer gene); JAK1 (JAK-STAT); LCK (TCR signalling); MCL1 (Oncogene / CNA); MTOR (OncoKB cancer gene); MYCL (OncoKB cancer gene); NOTCH2 (OncoKB cancer gene); NRAS (RAS-MAPK signalling); NTRK1 (OncoKB cancer gene); PARP1 (OncoKB cancer gene); RIT1 (OncoKB cancer gene); SETDB1 (OncoKB cancer gene); SPEN (OncoKB cancer gene); YTHDF2 (Epigenetic regulator)	-; 1q21.2; 1q23.1; 1q21.3	NULL; NULL; NULL; NULL; NULL; NULL; NULL; MCL1: AMP 0.8%; NULL; NULL; NULL; NULL; NTRK1: AMP 0.8%; NULL; NULL; SETDB1: AMP 1.0%; NULL; NULL	ARID1A: 0.8%; CD58: 2.0%; CDC73: 1.5%; CDKN2C: 0.8%; H3-4: 3.4%; JAK1: 3.8%; LCK: 2.0%; NULL; MTOR: 0.8%; MYCL: 0.8%; NOTCH2: 0.8%; NRAS: 2.3%; NULL; PARP1: 0.8%; RIT1: 3.4%; SETDB1: 1.0%; SPEN: 0.8%; NULL	Tier 1 (PTCL gene)	TRUE	TRUE	TRUE
B1_S01	0.06348	0.388625591584265	15	1	235000001	248000000	13	chr1:235-248Mb	-0.0439387201653143	1	HETD	1	HETD	1q	GAIN	Discordant	AKT3	1	AKT3 (OncoKB cancer gene)	1q43-q44	AKT3: HOMDEL 0.8%	NULL	Tier 2 (cBioPortal CNA)	FALSE	TRUE	FALSE
B1_S01	0.06348	0.388625591584265	15	3	1000001	198000000	197	chr3:1-198Mb	0.131673333686895	5	HLAMP	5	HLAMP	3q	GAIN	YES	ATR, BAP1, BCL6, CCR4, CTNNB1, EPHA3, EPHB1, FOXL2, MITF, MLH1, PBRM1, RHOA, ROBO1, SETD2, SETD5, SOX2, STAG1, TBL1XR1, TGFBR2, TP63	20	ATR (OncoKB cancer gene); BAP1 (OncoKB cancer gene); BCL6 (Transcription factor); CCR4 (Subtype-specific — ATLL); CTNNB1 (OncoKB cancer gene); EPHA3 (OncoKB cancer gene); EPHB1 (OncoKB cancer gene); FOXL2 (OncoKB cancer gene); MITF (OncoKB cancer gene); MLH1 (OncoKB cancer gene); PBRM1 (OncoKB cancer gene); RHOA (TCR / GTPase signalling); ROBO1 (OncoKB cancer gene); SETD2 (Epigenetic regulator); SETD5 (OncoKB cancer gene); SOX2 (OncoKB cancer gene); STAG1 (OncoKB cancer gene); TBL1XR1 (Transcription / signalling); TGFBR2 (OncoKB cancer gene); TP63 (Subtype-specific — ALK- ALCL)	-; 3p21.1; 3q27.3; 3p21.31; 3p12.3	NULL; BAP1: HOMDEL 0.8%; BCL6: HOMDEL 1.5%; NULL; NULL; NULL; NULL; NULL; NULL; NULL; PBRM1: HOMDEL 0.8%; RHOA: HOMDEL 0.8%; ROBO1: HOMDEL 1.0%; SETD2: HOMDEL 0.8%; NULL; NULL; NULL; NULL; NULL; NULL	ATR: 0.8%; NULL; NULL; NULL; CTNNB1: 0.8%; EPHA3: 3.1%; EPHB1: 1.5%; FOXL2: 0.8%; MITF: 2.3%; MLH1: 0.8%; PBRM1: 1.5%; RHOA: 30.5%; ROBO1: 3.9%; SETD2: 6.1%; SETD5: 1.0%; SOX2: 0.8%; STAG1: 1.0%; TBL1XR1: 2.0%; TGFBR2: 0.8%; NULL	Tier 1 (PTCL gene)	TRUE	TRUE	TRUE
B1_S01	0.06348	0.388625591584265	15	8	1000001	141000000	140	chr8:1-141Mb	-0.00728416726144839	1	HETD	1	HETD	8q	LOSS	YES	MYC, RAD21, RUNX1T1, UBR5	4	MYC (Oncogene / CNA); RAD21 (OncoKB cancer gene); RUNX1T1 (OncoKB cancer gene); UBR5 (OncoKB cancer gene)	-; 8q21.3	NULL; NULL; RUNX1T1: HOMDEL 1.0%; NULL	NULL; RAD21: 0.8%; RUNX1T1: 1.0%; UBR5: 1.0%	Tier 1 (PTCL gene)	TRUE	TRUE	TRUE
B1_S01	0.06348	0.388625591584265	15	8	141000001	145000000	4	chr8:141-145Mb	0.0956752070266335	4	AMP	4	AMP	8q	LOSS	Discordant	none	0	-	-	-	-	No known cancer gene	FALSE	FALSE	FALSE
B1_S01	0.06348	0.388625591584265	15	11	1000001	135000000	134	chr11:1-135Mb	0.00791173960423516	3	GAIN	3	GAIN	11q	GAIN	YES	ATM, BIRC3, CCND1, CHEK1, FGF3, MRE11	6	ATM (DNA damage response); BIRC3 (OncoKB cancer gene); CCND1 (OncoKB cancer gene); CHEK1 (OncoKB cancer gene); FGF3 (OncoKB cancer gene); MRE11 (OncoKB cancer gene)	11q22.3; -	ATM: HOMDEL 0.8%; NULL; NULL; NULL; NULL; NULL	ATM: 2.3%; BIRC3: 0.8%; CCND1: 0.8%; CHEK1: 0.8%; FGF3: 1.5%; MRE11: 0.8%	Tier 1 (PTCL gene)	TRUE	TRUE	TRUE
B1_S01	0.06348	0.388625591584265	15	13	20000001	45000000	25	chr13:20-45Mb	0.00385920923437814	3	GAIN	3	GAIN	13q	LOSS	Discordant	BRCA2, CDK8, FLT1, FLT3, LATS2	5	BRCA2 (OncoKB cancer gene); CDK8 (OncoKB cancer gene); FLT1 (OncoKB cancer gene); FLT3 (OncoKB cancer gene); LATS2 (OncoKB cancer gene)	-	NULL; NULL; NULL; NULL; NULL	BRCA2: 0.8%; CDK8: 0.8%; FLT1: 0.8%; FLT3: 1.5%; LATS2: 3.4%	Tier 3 (cBioPortal mutated)	FALSE	FALSE	TRUE
B1_S01	0.06348	0.388625591584265	15	13	45000001	113000000	68	chr13:45-113Mb	-0.0452587861277277	1	HETD	1	HETD	13q	LOSS	YES	IRS2	1	IRS2 (OncoKB cancer gene)	-	NULL	IRS2: 0.8%	Tier 3 (cBioPortal mutated)	FALSE	FALSE	TRUE
B1_S01	0.06348	0.388625591584265	15	14	20000001	105000000	85	chr14:20-105Mb	0.00706487761523313	3	GAIN	3	GAIN	14q	GAIN	YES	AKT1, ARID4A, BCL11B, NKX2-1, TSHR	5	AKT1 (OncoKB cancer gene); ARID4A (OncoKB cancer gene); BCL11B (OncoKB cancer gene); NKX2-1 (OncoKB cancer gene); TSHR (OncoKB cancer gene)	-; 14q13.3	NULL; NULL; NULL; NKX2-1: HOMDEL 0.8%; NULL	AKT1: 0.8%; ARID4A: 1.0%; BCL11B: 1.0%; NKX2-1: 0.8%; TSHR: 0.8%	Tier 2 (cBioPortal CNA)	FALSE	TRUE	TRUE
B1_S01	0.06348	0.388625591584265	15	18	1000001	80000000	79	chr18:1-80Mb	-0.00814257081077723	1	HETD	1	HETD	18q	LOSS	YES	BCL2, PIK3C3, PTPN2, SETBP1	4	BCL2 (Oncogene / CNA); PIK3C3 (OncoKB cancer gene); PTPN2 (OncoKB cancer gene); SETBP1 (OncoKB cancer gene)	-	NULL; NULL; NULL; NULL	NULL; PIK3C3: 1.5%; PTPN2: 1.0%; SETBP1: 1.0%	Tier 1 (PTCL gene)	TRUE	FALSE	TRUE
B1_S01	0.06348	0.388625591584265	15	19	1000001	58000000	57	chr19:1-58Mb	-0.0404416273861994	1	HETD	1	HETD	19q	LOSS	YES	AXL, BRD4, CALR, CD79A, CIC, DOT1L, ERCC2, GNA11, JAK3, KEAP1, NOTCH3, PIK3R2, PPP2R1A, PTPRS, SMARCA4, STK11, VAV1	17	AXL (OncoKB cancer gene); BRD4 (OncoKB cancer gene); CALR (OncoKB cancer gene); CD79A (OncoKB cancer gene); CIC (OncoKB cancer gene); DOT1L (OncoKB cancer gene); ERCC2 (OncoKB cancer gene); GNA11 (OncoKB cancer gene); JAK3 (JAK-STAT); KEAP1 (OncoKB cancer gene); NOTCH3 (Signalling); PIK3R2 (OncoKB cancer gene); PPP2R1A (OncoKB cancer gene); PTPRS (OncoKB cancer gene); SMARCA4 (OncoKB cancer gene); STK11 (OncoKB cancer gene); VAV1 (TCR / GTPase signalling)	-; 19q13.2; 19p13.3; 19p13.2	NULL; NULL; NULL; NULL; CIC: HOMDEL 0.8%; DOT1L: HOMDEL 0.8%; NULL; GNA11: HOMDEL 0.8%; NULL; NULL; NULL; NULL; NULL; NULL; SMARCA4: HOMDEL 0.8%; STK11: HOMDEL 0.8%; VAV1: AMP 1.0%	AXL: 0.8%; BRD4: 1.5%; CALR: 0.8%; CD79A: 0.8%; CIC: 1.5%; DOT1L: 0.8%; ERCC2: 3.4%; NULL; JAK3: 3.0%; KEAP1: 0.8%; NOTCH3: 2.3%; PIK3R2: 1.5%; PPP2R1A: 0.8%; PTPRS: 3.4%; SMARCA4: 0.8%; NULL; VAV1: 4.9%	Tier 1 (PTCL gene)	TRUE	TRUE	TRUE
B1_S01	0.06348	0.388625591584265	15	22	19000001	49000000	30	chr22:19-49Mb	0.0207993344044962	3	GAIN	3	GAIN	22q	GAIN	YES	CHEK2, EP300, MAPK1, NF2, XBP1	5	CHEK2 (OncoKB cancer gene); EP300 (Epigenetic regulator); MAPK1 (OncoKB cancer gene); NF2 (OncoKB cancer gene); XBP1 (OncoKB cancer gene)	22q12.1; 22q13.2; -; 22q12.2	CHEK2: HOMDEL 0.8%; EP300: AMP 0.8%; NULL; NF2: AMP 0.8%; XBP1: HOMDEL 1.0%	NULL; EP300: 2.3%; MAPK1: 0.8%; NULL; NULL	Tier 1 (PTCL gene)	TRUE	TRUE	TRUE
B1_S02	0.05354	0.308785999870947	12	1	1000001	55000000	54	chr1:1-55Mb	0.0262527216590565	3	GAIN	3	GAIN	1p	GAIN	YES	ARID1A, CDKN2C, LCK, MTOR, MYCL, SPEN, YTHDF2	7	ARID1A (Chromatin remodelling); CDKN2C (OncoKB cancer gene); LCK (TCR signalling); MTOR (OncoKB cancer gene); MYCL (OncoKB cancer gene); SPEN (OncoKB cancer gene); YTHDF2 (Epigenetic regulator)	-	NULL; NULL; NULL; NULL; NULL; NULL; NULL	ARID1A: 0.8%; CDKN2C: 0.8%; LCK: 2.0%; MTOR: 0.8%; MYCL: 0.8%; SPEN: 0.8%; NULL	Tier 1 (PTCL gene)	TRUE	FALSE	TRUE
B1_S02	0.05354	0.308785999870947	12	1	55000001	211000000	156	chr1:55-211Mb	0.0206060132690172	3	GAIN	3	GAIN	1q	GAIN	YES	CD58, CDC73, JAK1, MCL1, NOTCH2, NRAS, NTRK1, RIT1, SETDB1	9	CD58 (Immune evasion); CDC73 (OncoKB cancer gene); JAK1 (JAK-STAT); MCL1 (Oncogene / CNA); NOTCH2 (OncoKB cancer gene); NRAS (RAS-MAPK signalling); NTRK1 (OncoKB cancer gene); RIT1 (OncoKB cancer gene); SETDB1 (OncoKB cancer gene)	-; 1q21.2; 1q23.1; 1q21.3	NULL; NULL; NULL; MCL1: AMP 0.8%; NULL; NULL; NTRK1: AMP 0.8%; NULL; SETDB1: AMP 1.0%	CD58: 2.0%; CDC73: 1.5%; JAK1: 3.8%; NULL; NOTCH2: 0.8%; NRAS: 2.3%; NULL; RIT1: 3.4%; SETDB1: 1.0%	Tier 1 (PTCL gene)	TRUE	TRUE	TRUE
B1_S02	0.05354	0.308785999870947	12	2	82000001	242000000	160	chr2:82-242Mb	0.0182472068771635	3	GAIN	3	GAIN	2q	GAIN	YES	ARID5A, BARD1, CD28, CXCR4, ERBB4, HDAC4, PDCD1, SF3B1, SP140	9	ARID5A (OncoKB cancer gene); BARD1 (OncoKB cancer gene); CD28 (TCR / co-stimulation); CXCR4 (OncoKB cancer gene); ERBB4 (OncoKB cancer gene); HDAC4 (OncoKB cancer gene); PDCD1 (TCR / immune checkpoint); SF3B1 (OncoKB cancer gene); SP140 (OncoKB cancer gene)	-; 2q33.2; 2q37.3; 2q37.1	NULL; NULL; CD28: AMP 1.0%; NULL; NULL; HDAC4: HOMDEL 2.0%; PDCD1: HOMDEL 1.5%; NULL; SP140: HOMDEL 1.0%	ARID5A: 1.0%; BARD1: 0.8%; CD28: 2.0%; CXCR4: 1.5%; ERBB4: 1.5%; NULL; NULL; SF3B1: 0.8%; SP140: 2.0%	Tier 1 (PTCL gene)	TRUE	TRUE	TRUE
B1_S02	0.05354	0.308785999870947	12	4	2000001	41000000	39	chr4:2-41Mb	-0.0722588238179646	1	HETD	1	HETD	4p	LOSS	YES	none	0	-	-	-	-	No known cancer gene	FALSE	FALSE	FALSE
B1_S02	0.05354	0.308785999870947	12	4	155000001	189000000	34	chr4:155-189Mb	-0.0408917482389568	1	HETD	1	HETD	4q	NEUTRAL	Focal (arm neutral)	FAT1	1	FAT1 (Tumour suppressor)	-	NULL	FAT1: 7.6%	Tier 1 (PTCL gene)	TRUE	FALSE	TRUE
B1_S02	0.05354	0.308785999870947	12	5	1000001	181000000	180	chr5:1-181Mb	0.102675163365027	5	HLAMP	5	HLAMP	5q	GAIN	YES	APC, ARHGEF28, FGFR4, FLT4, MAP3K1, NSD1, PDGFRB, PIK3R1, RAD50, RICTOR, TERT	11	APC (OncoKB cancer gene); ARHGEF28 (OncoKB cancer gene); FGFR4 (OncoKB cancer gene); FLT4 (OncoKB cancer gene); MAP3K1 (OncoKB cancer gene); NSD1 (OncoKB cancer gene); PDGFRB (OncoKB cancer gene); PIK3R1 (OncoKB cancer gene); RAD50 (OncoKB cancer gene); RICTOR (OncoKB cancer gene); TERT (Telomere maintenance)	-	NULL; NULL; NULL; NULL; NULL; NULL; NULL; NULL; NULL; NULL; NULL	APC: 0.8%; ARHGEF28: 2.0%; FGFR4: 1.5%; FLT4: 0.8%; MAP3K1: 1.5%; NSD1: 0.8%; PDGFRB: 0.8%; PIK3R1: 0.8%; RAD50: 0.8%; RICTOR: 0.8%; TERT: 2.3%	Tier 1 (PTCL gene)	TRUE	FALSE	TRUE
B1_S02	0.05354	0.308785999870947	12	11	112000001	135000000	23	chr11:112-135Mb	0.0553836199246866	3	GAIN	3	GAIN	11q	NEUTRAL	Focal (arm neutral)	CHEK1	1	CHEK1 (OncoKB cancer gene)	-	NULL	CHEK1: 0.8%	Tier 3 (cBioPortal mutated)	FALSE	FALSE	TRUE
B1_S02	0.05354	0.308785999870947	12	17	1000001	83000000	82	chr17:1-83Mb	-0.0371306422673593	1	HETD	1	HETD	17q	LOSS	YES	ACTG1, ALOX12B, AURKB, CDK12, ERBB2, FLCN, IKZF3, NCOR1, NF1, RARA, RPTOR, SRSF2, STAT3, STAT5B, TP53	15	ACTG1 (OncoKB cancer gene); ALOX12B (OncoKB cancer gene); AURKB (OncoKB cancer gene); CDK12 (OncoKB cancer gene); ERBB2 (OncoKB cancer gene); FLCN (OncoKB cancer gene); IKZF3 (OncoKB cancer gene); NCOR1 (OncoKB cancer gene); NF1 (OncoKB cancer gene); RARA (OncoKB cancer gene); RPTOR (OncoKB cancer gene); SRSF2 (OncoKB cancer gene); STAT3 (JAK-STAT); STAT5B (JAK-STAT); TP53 (Tumour suppressor)	-; 17p13.1; 17q12; 17p11.2; 17q12-q21.1; 17p12-p11.2	NULL; ALOX12B: HOMDEL 0.8%; AURKB: HOMDEL 0.8%; NULL; ERBB2: HOMDEL 0.8%; FLCN: HOMDEL 0.8%; IKZF3: AMP 1.0%; NCOR1: HOMDEL 0.8%; NULL; NULL; NULL; NULL; NULL; NULL; TP53: HOMDEL 2.3%	ACTG1: 1.0%; ALOX12B: 0.8%; NULL; CDK12: 2.3%; NULL; NULL; IKZF3: 1.0%; NCOR1: 1.5%; NF1: 1.5%; RARA: 3.1%; RPTOR: 1.5%; SRSF2: 1.5%; STAT3: 7.6%; STAT5B: 3.8%; TP53: 15.9%	Tier 1 (PTCL gene)	TRUE	TRUE	TRUE
B1_S02	0.05354	0.308785999870947	12	19	1000001	58000000	57	chr19:1-58Mb	-0.0836662135062736	1	HETD	1	HETD	19q	LOSS	YES	AXL, BRD4, CALR, CD79A, CIC, DOT1L, ERCC2, GNA11, JAK3, KEAP1, NOTCH3, PIK3R2, PPP2R1A, PTPRS, SMARCA4, STK11, VAV1	17	AXL (OncoKB cancer gene); BRD4 (OncoKB cancer gene); CALR (OncoKB cancer gene); CD79A (OncoKB cancer gene); CIC (OncoKB cancer gene); DOT1L (OncoKB cancer gene); ERCC2 (OncoKB cancer gene); GNA11 (OncoKB cancer gene); JAK3 (JAK-STAT); KEAP1 (OncoKB cancer gene); NOTCH3 (Signalling); PIK3R2 (OncoKB cancer gene); PPP2R1A (OncoKB cancer gene); PTPRS (OncoKB cancer gene); SMARCA4 (OncoKB cancer gene); STK11 (OncoKB cancer gene); VAV1 (TCR / GTPase signalling)	-; 19q13.2; 19p13.3; 19p13.2	NULL; NULL; NULL; NULL; CIC: HOMDEL 0.8%; DOT1L: HOMDEL 0.8%; NULL; GNA11: HOMDEL 0.8%; NULL; NULL; NULL; NULL; NULL; NULL; SMARCA4: HOMDEL 0.8%; STK11: HOMDEL 0.8%; VAV1: AMP 1.0%	AXL: 0.8%; BRD4: 1.5%; CALR: 0.8%; CD79A: 0.8%; CIC: 1.5%; DOT1L: 0.8%; ERCC2: 3.4%; NULL; JAK3: 3.0%; KEAP1: 0.8%; NOTCH3: 2.3%; PIK3R2: 1.5%; PPP2R1A: 0.8%; PTPRS: 3.4%; SMARCA4: 0.8%; NULL; VAV1: 4.9%	Tier 1 (PTCL gene)	TRUE	TRUE	TRUE
B1_S02	0.05354	0.308785999870947	12	21	14000001	46000000	32	chr21:14-46Mb	-0.045241473787237	3	GAIN	3	GAIN	21q	GAIN	YES	ERG, RUNX1, SETD4, U2AF1	4	ERG (OncoKB cancer gene); RUNX1 (OncoKB cancer gene); SETD4 (OncoKB cancer gene); U2AF1 (OncoKB cancer gene)	21q22.2; 21q22.12; 21q22.3	ERG: AMP 0.8%; RUNX1: AMP 0.8%; SETD4: AMP 1.0%; U2AF1: AMP 0.8%	ERG: 0.8%; NULL; NULL; NULL	Tier 2 (cBioPortal CNA)	FALSE	TRUE	TRUE
B1_S02	0.05354	0.308785999870947	12	22	19000001	49000000	30	chr22:19-49Mb	0.142378130890291	5	HLAMP	5	HLAMP	22q	GAIN	YES	CHEK2, EP300, MAPK1, NF2, XBP1	5	CHEK2 (OncoKB cancer gene); EP300 (Epigenetic regulator); MAPK1 (OncoKB cancer gene); NF2 (OncoKB cancer gene); XBP1 (OncoKB cancer gene)	22q12.1; 22q13.2; -; 22q12.2	CHEK2: HOMDEL 0.8%; EP300: AMP 0.8%; NULL; NF2: AMP 0.8%; XBP1: HOMDEL 1.0%	NULL; EP300: 2.3%; MAPK1: 0.8%; NULL; NULL	Tier 1 (PTCL gene)	TRUE	TRUE	TRUE
B1_S05	0.03841	0.348888078169879	12	1	1000001	61000000	60	chr1:1-61Mb	0.0258126996715852	3	GAIN	3	GAIN	1p	NEUTRAL	Focal (arm neutral)	ARID1A, CDKN2C, LCK, MTOR, MYCL, SPEN, YTHDF2	7	ARID1A (Chromatin remodelling); CDKN2C (OncoKB cancer gene); LCK (TCR signalling); MTOR (OncoKB cancer gene); MYCL (OncoKB cancer gene); SPEN (OncoKB cancer gene); YTHDF2 (Epigenetic regulator)	-	NULL; NULL; NULL; NULL; NULL; NULL; NULL	ARID1A: 0.8%; CDKN2C: 0.8%; LCK: 2.0%; MTOR: 0.8%; MYCL: 0.8%; SPEN: 0.8%; NULL	Tier 1 (PTCL gene)	TRUE	FALSE	TRUE
B1_S05	0.03841	0.348888078169879	12	1	225000001	248000000	23	chr1:225-248Mb	-0.0868430279863111	1	HETD	1	HETD	1q	NEUTRAL	Focal (arm neutral)	AKT3, H3-4, PARP1	3	AKT3 (OncoKB cancer gene); H3-4 (OncoKB cancer gene); PARP1 (OncoKB cancer gene)	1q43-q44; -	AKT3: HOMDEL 0.8%; NULL; NULL	NULL; H3-4: 3.4%; PARP1: 0.8%	Tier 2 (cBioPortal CNA)	FALSE	TRUE	TRUE
B1_S05	0.03841	0.348888078169879	12	2	1000001	242000000	241	chr2:1-242Mb	-0.0147429006228443	1	HETD	1	HETD	2q	LOSS	YES	ALK, ARID5A, ASXL2, BARD1, CD28, CXCR4, DNMT3A, ERBB4, FBXO11, HDAC4, MSH6, MYCN, PCBP1, PDCD1, REL, SF3B1, SP140, TET3, XPO1	19	ALK (Subtype-specific — ALK+ ALCL); ARID5A (OncoKB cancer gene); ASXL2 (OncoKB cancer gene); BARD1 (OncoKB cancer gene); CD28 (TCR / co-stimulation); CXCR4 (OncoKB cancer gene); DNMT3A (Epigenetic regulator); ERBB4 (OncoKB cancer gene); FBXO11 (OncoKB cancer gene); HDAC4 (OncoKB cancer gene); MSH6 (OncoKB cancer gene); MYCN (OncoKB cancer gene); PCBP1 (OncoKB cancer gene); PDCD1 (TCR / immune checkpoint); REL (OncoKB cancer gene); SF3B1 (OncoKB cancer gene); SP140 (OncoKB cancer gene); TET3 (Epigenetic regulator); XPO1 (Nuclear transport)	-; 2q33.2; 2q37.3; 2p16.1; 2q37.1	NULL; NULL; NULL; NULL; CD28: AMP 1.0%; NULL; NULL; NULL; NULL; HDAC4: HOMDEL 2.0%; NULL; NULL; NULL; PDCD1: HOMDEL 1.5%; REL: AMP 0.8%; NULL; SP140: HOMDEL 1.0%; NULL; NULL	ALK: 2.3%; ARID5A: 1.0%; ASXL2: 0.8%; BARD1: 0.8%; CD28: 2.0%; CXCR4: 1.5%; DNMT3A: 18.9%; ERBB4: 1.5%; FBXO11: 1.0%; NULL; MSH6: 0.8%; MYCN: 0.8%; PCBP1: 1.0%; NULL; NULL; SF3B1: 0.8%; SP140: 2.0%; TET3: 3.9%; XPO1: 1.5%	Tier 1 (PTCL gene)	TRUE	TRUE	TRUE
B1_S05	0.03841	0.348888078169879	12	4	127000001	189000000	62	chr4:127-189Mb	-0.024973051157788	1	HETD	1	HETD	4q	NEUTRAL	Focal (arm neutral)	FAT1	1	FAT1 (Tumour suppressor)	-	NULL	FAT1: 7.6%	Tier 1 (PTCL gene)	TRUE	FALSE	TRUE
B1_S05	0.03841	0.348888078169879	12	5	1000001	181000000	180	chr5:1-181Mb	0.0851969129446568	5	HLAMP	5	HLAMP	5q	GAIN	YES	APC, ARHGEF28, FGFR4, FLT4, MAP3K1, NSD1, PDGFRB, PIK3R1, RAD50, RICTOR, TERT	11	APC (OncoKB cancer gene); ARHGEF28 (OncoKB cancer gene); FGFR4 (OncoKB cancer gene); FLT4 (OncoKB cancer gene); MAP3K1 (OncoKB cancer gene); NSD1 (OncoKB cancer gene); PDGFRB (OncoKB cancer gene); PIK3R1 (OncoKB cancer gene); RAD50 (OncoKB cancer gene); RICTOR (OncoKB cancer gene); TERT (Telomere maintenance)	-	NULL; NULL; NULL; NULL; NULL; NULL; NULL; NULL; NULL; NULL; NULL	APC: 0.8%; ARHGEF28: 2.0%; FGFR4: 1.5%; FLT4: 0.8%; MAP3K1: 1.5%; NSD1: 0.8%; PDGFRB: 0.8%; PIK3R1: 0.8%; RAD50: 0.8%; RICTOR: 0.8%; TERT: 2.3%	Tier 1 (PTCL gene)	TRUE	FALSE	TRUE
B1_S05	0.03841	0.348888078169879	12	6	1000001	170000000	169	chr6:1-170Mb	-0.0207127727020428	1	HETD	1	HETD	6q	LOSS	YES	ARID1B, BACH2, CCND3, DAXX, EPHA7, ESR1, FOXO3, FYN, H1-2, H1-3, H1-4, H2AC6, H2BC5, H3C2, HLA-A, LTB, NOTCH4, PIM1, PRDM1, ROS1, SGK1, TNFAIP3	22	ARID1B (OncoKB cancer gene); BACH2 (Transcription factor); CCND3 (OncoKB cancer gene); DAXX (OncoKB cancer gene); EPHA7 (OncoKB cancer gene); ESR1 (OncoKB cancer gene); FOXO3 (Tumour suppressor); FYN (TCR / kinase signalling); H1-2 (OncoKB cancer gene); H1-3 (OncoKB cancer gene); H1-4 (OncoKB cancer gene); H2AC6 (OncoKB cancer gene); H2BC5 (OncoKB cancer gene); H3C2 (OncoKB cancer gene); HLA-A (Immune evasion); LTB (OncoKB cancer gene); NOTCH4 (OncoKB cancer gene); PIM1 (OncoKB cancer gene); PRDM1 (Tumour suppressor); ROS1 (OncoKB cancer gene); SGK1 (OncoKB cancer gene); TNFAIP3 (Tumour suppressor)	-; 6q15; 6p21.32; 6q16.1; 6q25.1-q25.2; 6p21.33; 6q23.3	NULL; BACH2: AMP 1.0%; NULL; DAXX: HOMDEL 0.8%; EPHA7: HOMDEL 0.8%; ESR1: HOMDEL 0.8%; NULL; NULL; NULL; NULL; NULL; NULL; NULL; NULL; NULL; LTB: HOMDEL 1.0%; NOTCH4: HOMDEL 0.8%; NULL; NULL; NULL; NULL; TNFAIP3: HOMDEL 0.8%	ARID1B: 0.8%; NULL; CCND3: 2.3%; NULL; EPHA7: 2.3%; ESR1: 0.8%; NULL; FYN: 0.8%; H1-2: 0.8%; H1-3: 1.0%; H1-4: 1.0%; H2AC6: 1.0%; H2BC5: 0.8%; H3C2: 0.8%; HLA-A: 3.1%; NULL; NOTCH4: 0.8%; PIM1: 0.8%; PRDM1: 1.5%; ROS1: 1.5%; SGK1: 1.0%; TNFAIP3: 3.1%	Tier 1 (PTCL gene)	TRUE	TRUE	TRUE
B1_S05	0.03841	0.348888078169879	12	11	112000001	135000000	23	chr11:112-135Mb	0.042928833636692	3	GAIN	3	GAIN	11q	NEUTRAL	Focal (arm neutral)	CHEK1	1	CHEK1 (OncoKB cancer gene)	-	NULL	CHEK1: 0.8%	Tier 3 (cBioPortal mutated)	FALSE	FALSE	TRUE
B1_S05	0.03841	0.348888078169879	12	17	1000001	83000000	82	chr17:1-83Mb	-0.0233860866128101	1	HETD	1	HETD	17q	LOSS	YES	ACTG1, ALOX12B, AURKB, CDK12, ERBB2, FLCN, IKZF3, NCOR1, NF1, RARA, RPTOR, SRSF2, STAT3, STAT5B, TP53	15	ACTG1 (OncoKB cancer gene); ALOX12B (OncoKB cancer gene); AURKB (OncoKB cancer gene); CDK12 (OncoKB cancer gene); ERBB2 (OncoKB cancer gene); FLCN (OncoKB cancer gene); IKZF3 (OncoKB cancer gene); NCOR1 (OncoKB cancer gene); NF1 (OncoKB cancer gene); RARA (OncoKB cancer gene); RPTOR (OncoKB cancer gene); SRSF2 (OncoKB cancer gene); STAT3 (JAK-STAT); STAT5B (JAK-STAT); TP53 (Tumour suppressor)	-; 17p13.1; 17q12; 17p11.2; 17q12-q21.1; 17p12-p11.2	NULL; ALOX12B: HOMDEL 0.8%; AURKB: HOMDEL 0.8%; NULL; ERBB2: HOMDEL 0.8%; FLCN: HOMDEL 0.8%; IKZF3: AMP 1.0%; NCOR1: HOMDEL 0.8%; NULL; NULL; NULL; NULL; NULL; NULL; TP53: HOMDEL 2.3%	ACTG1: 1.0%; ALOX12B: 0.8%; NULL; CDK12: 2.3%; NULL; NULL; IKZF3: 1.0%; NCOR1: 1.5%; NF1: 1.5%; RARA: 3.1%; RPTOR: 1.5%; SRSF2: 1.5%; STAT3: 7.6%; STAT5B: 3.8%; TP53: 15.9%	Tier 1 (PTCL gene)	TRUE	TRUE	TRUE
B1_S05	0.03841	0.348888078169879	12	19	1000001	58000000	57	chr19:1-58Mb	-0.0831699264122078	1	HETD	1	HETD	19q	LOSS	YES	AXL, BRD4, CALR, CD79A, CIC, DOT1L, ERCC2, GNA11, JAK3, KEAP1, NOTCH3, PIK3R2, PPP2R1A, PTPRS, SMARCA4, STK11, VAV1	17	AXL (OncoKB cancer gene); BRD4 (OncoKB cancer gene); CALR (OncoKB cancer gene); CD79A (OncoKB cancer gene); CIC (OncoKB cancer gene); DOT1L (OncoKB cancer gene); ERCC2 (OncoKB cancer gene); GNA11 (OncoKB cancer gene); JAK3 (JAK-STAT); KEAP1 (OncoKB cancer gene); NOTCH3 (Signalling); PIK3R2 (OncoKB cancer gene); PPP2R1A (OncoKB cancer gene); PTPRS (OncoKB cancer gene); SMARCA4 (OncoKB cancer gene); STK11 (OncoKB cancer gene); VAV1 (TCR / GTPase signalling)	-; 19q13.2; 19p13.3; 19p13.2	NULL; NULL; NULL; NULL; CIC: HOMDEL 0.8%; DOT1L: HOMDEL 0.8%; NULL; GNA11: HOMDEL 0.8%; NULL; NULL; NULL; NULL; NULL; NULL; SMARCA4: HOMDEL 0.8%; STK11: HOMDEL 0.8%; VAV1: AMP 1.0%	AXL: 0.8%; BRD4: 1.5%; CALR: 0.8%; CD79A: 0.8%; CIC: 1.5%; DOT1L: 0.8%; ERCC2: 3.4%; NULL; JAK3: 3.0%; KEAP1: 0.8%; NOTCH3: 2.3%; PIK3R2: 1.5%; PPP2R1A: 0.8%; PTPRS: 3.4%; SMARCA4: 0.8%; NULL; VAV1: 4.9%	Tier 1 (PTCL gene)	TRUE	TRUE	TRUE
B1_S05	0.03841	0.348888078169879	12	20	34000001	64000000	30	chr20:34-64Mb	-0.0381578411364722	1	HETD	1	HETD	20q	LOSS	YES	AURKA, GNAS, NCOA3, PLCG1, PTPN1, PTPRT, SRC	7	AURKA (OncoKB cancer gene); GNAS (OncoKB cancer gene); NCOA3 (OncoKB cancer gene); PLCG1 (TCR signalling); PTPN1 (OncoKB cancer gene); PTPRT (OncoKB cancer gene); SRC (OncoKB cancer gene)	-; 20q11.23	NULL; NULL; NULL; NULL; NULL; NULL; SRC: HOMDEL 0.8%	AURKA: 0.8%; GNAS: 2.3%; NCOA3: 3.4%; PLCG1: 7.8%; PTPN1: 2.0%; PTPRT: 3.4%; NULL	Tier 1 (PTCL gene)	TRUE	TRUE	TRUE
B1_S05	0.03841	0.348888078169879	12	22	19000001	49000000	30	chr22:19-49Mb	0.104834877841237	5	HLAMP	5	HLAMP	22q	GAIN	YES	CHEK2, EP300, MAPK1, NF2, XBP1	5	CHEK2 (OncoKB cancer gene); EP300 (Epigenetic regulator); MAPK1 (OncoKB cancer gene); NF2 (OncoKB cancer gene); XBP1 (OncoKB cancer gene)	22q12.1; 22q13.2; -; 22q12.2	CHEK2: HOMDEL 0.8%; EP300: AMP 0.8%; NULL; NF2: AMP 0.8%; XBP1: HOMDEL 1.0%	NULL; EP300: 2.3%; MAPK1: 0.8%; NULL; NULL	Tier 1 (PTCL gene)	TRUE	TRUE	TRUE
B2_S01	0.1718	0.319955815124631	15	4	2000001	169000000	167	chr4:2-169Mb	0.0983744894481368	3	GAIN	3	GAIN	4q	GAIN	YES	EPHA5, KDR, KIT, PDGFRA, TET2	5	EPHA5 (OncoKB cancer gene); KDR (OncoKB cancer gene); KIT (OncoKB cancer gene); PDGFRA (OncoKB cancer gene); TET2 (Epigenetic regulator)	-	NULL; NULL; NULL; NULL; NULL	EPHA5: 0.8%; KDR: 1.5%; KIT: 1.5%; PDGFRA: 1.5%; TET2: 51.5%	Tier 1 (PTCL gene)	TRUE	FALSE	TRUE
B2_S01	0.1718	0.319955815124631	15	4	169000001	189000000	20	chr4:169-189Mb	0.0499533157907803	3	GAIN	3	GAIN	4q	GAIN	YES	FAT1	1	FAT1 (Tumour suppressor)	-	NULL	FAT1: 7.6%	Tier 1 (PTCL gene)	TRUE	FALSE	TRUE
B2_S01	0.1718	0.319955815124631	15	7	71000001	91000000	20	chr7:71-91Mb	-0.167006377933306	1	HETD	1	HETD	7q	NEUTRAL	Focal (arm neutral)	HGF	1	HGF (OncoKB cancer gene)	-	NULL	HGF: 1.5%	Tier 3 (cBioPortal mutated)	FALSE	FALSE	TRUE
B2_S01	0.1718	0.319955815124631	15	8	1000001	11000000	10	chr8:1-11Mb	-0.101046360663863	1	HETD	1	HETD	8p	GAIN	Discordant	none	0	-	-	-	-	No known cancer gene	FALSE	FALSE	FALSE
B2_S01	0.1718	0.319955815124631	15	8	11000001	145000000	134	chr8:11-145Mb	0.0956449104307746	3	GAIN	3	GAIN	8q	GAIN	YES	MYC, RAD21, RUNX1T1, UBR5	4	MYC (Oncogene / CNA); RAD21 (OncoKB cancer gene); RUNX1T1 (OncoKB cancer gene); UBR5 (OncoKB cancer gene)	-; 8q21.3	NULL; NULL; RUNX1T1: HOMDEL 1.0%; NULL	NULL; RAD21: 0.8%; RUNX1T1: 1.0%; UBR5: 1.0%	Tier 1 (PTCL gene)	TRUE	TRUE	TRUE
B2_S01	0.1718	0.319955815124631	15	9	1000001	85000000	84	chr9:1-85Mb	0.0833185240014193	3	GAIN	3	GAIN	9q	GAIN	YES	CD274, CDKN2A, CDKN2B, GNAQ, MOB3B, NTRK2, PAX5	7	CD274 (Immune evasion); CDKN2A (Tumour suppressor); CDKN2B (Tumour suppressor); GNAQ (OncoKB cancer gene); MOB3B (OncoKB cancer gene); NTRK2 (OncoKB cancer gene); PAX5 (OncoKB cancer gene)	-; 9p21.3; 9q21.2; 9q21.33	NULL; CDKN2A: HOMDEL 2.3%; CDKN2B: HOMDEL 1.5%; GNAQ: HOMDEL 0.8%; NULL; NTRK2: HOMDEL 0.8%; NULL	CD274: 0.8%; CDKN2A: 2.3%; NULL; NULL; MOB3B: 1.0%; NTRK2: 0.8%; PAX5: 0.8%	Tier 1 (PTCL gene)	TRUE	TRUE	TRUE
B2_S01	0.1718	0.319955815124631	15	9	85000001	138000000	53	chr9:85-138Mb	0.21990856238766401	4	AMP	4	AMP	9q	GAIN	YES	ABL1, FANCC, NOTCH1, NTRK2, PTCH1, SYK	6	ABL1 (OncoKB cancer gene); FANCC (OncoKB cancer gene); NOTCH1 (Signalling); NTRK2 (OncoKB cancer gene); PTCH1 (OncoKB cancer gene); SYK (TCR signalling)	-; 9q22.32; 9q21.33; 9q22.2	NULL; FANCC: HOMDEL 0.8%; NULL; NTRK2: HOMDEL 0.8%; PTCH1: HOMDEL 0.8%; SYK: HOMDEL 0.8%	ABL1: 0.8%; NULL; NOTCH1: 2.3%; NTRK2: 0.8%; PTCH1: 0.8%; NULL	Tier 1 (PTCL gene)	TRUE	TRUE	TRUE
B2_S01	0.1718	0.319955815124631	15	10	1000001	17000000	16	chr10:1-17Mb	0.275779813236171	5	HLAMP	5	HLAMP	10p	GAIN	YES	GATA3	1	GATA3 (Transcription factor)	10p14	GATA3: AMP 0.8%	GATA3: 0.8%	Tier 1 (PTCL gene)	TRUE	TRUE	TRUE
B2_S01	0.1718	0.319955815124631	15	10	17000001	27000000	10	chr10:17-27Mb	0.0889262796253548	3	GAIN	3	GAIN	10p	GAIN	YES	none	0	-	-	-	-	No known cancer gene	FALSE	FALSE	FALSE
B2_S01	0.1718	0.319955815124631	15	10	27000001	37000000	10	chr10:27-37Mb	-0.230408496895254	1	HETD	1	HETD	10p	GAIN	Discordant	none	0	-	-	-	-	No known cancer gene	FALSE	FALSE	FALSE
B2_S01	0.1718	0.319955815124631	15	11	1000001	135000000	134	chr11:1-135Mb	0.0800681320742966	3	GAIN	3	GAIN	11q	GAIN	YES	ATM, BIRC3, CCND1, CHEK1, FGF3, MRE11	6	ATM (DNA damage response); BIRC3 (OncoKB cancer gene); CCND1 (OncoKB cancer gene); CHEK1 (OncoKB cancer gene); FGF3 (OncoKB cancer gene); MRE11 (OncoKB cancer gene)	11q22.3; -	ATM: HOMDEL 0.8%; NULL; NULL; NULL; NULL; NULL	ATM: 2.3%; BIRC3: 0.8%; CCND1: 0.8%; CHEK1: 0.8%; FGF3: 1.5%; MRE11: 0.8%	Tier 1 (PTCL gene)	TRUE	TRUE	TRUE
B2_S01	0.1718	0.319955815124631	15	12	124000001	132000000	8	chr12:124-132Mb	0.126577734802475	3	GAIN	3	GAIN	12q	NEUTRAL	Focal (arm neutral)	EP400, NCOR2	2	EP400 (OncoKB cancer gene); NCOR2 (OncoKB cancer gene)	-; 12q24.31	NULL; NCOR2: HOMDEL 1.0%	EP400: 1.0%; NCOR2: 2.9%	Tier 2 (cBioPortal CNA)	FALSE	TRUE	TRUE
B2_S01	0.1718	0.319955815124631	15	16	1000001	28000000	27	chr16:1-28Mb	0.191888539303518	4	AMP	4	AMP	16p	GAIN	YES	CIITA, CREBBP, GRIN2A, PALB2, PRKCB, SOCS1, TSC2	7	CIITA (OncoKB cancer gene); CREBBP (Epigenetic regulator); GRIN2A (OncoKB cancer gene); PALB2 (OncoKB cancer gene); PRKCB (Subtype-specific — ATLL); SOCS1 (JAK-STAT); TSC2 (OncoKB cancer gene)	-; 16p13.3; 16p13.13	NULL; CREBBP: HOMDEL 0.8%; NULL; NULL; NULL; SOCS1: HOMDEL 0.8%; NULL	CIITA: 1.0%; CREBBP: 3.1%; GRIN2A: 3.1%; PALB2: 1.5%; NULL; SOCS1: 3.1%; TSC2: 0.8%	Tier 1 (PTCL gene)	TRUE	TRUE	TRUE
B2_S01	0.1718	0.319955815124631	15	17	1000001	11000000	10	chr17:1-11Mb	-0.209014772133911	1	HETD	1	HETD	17p	GAIN	Discordant	ALOX12B, AURKB, TP53	3	ALOX12B (OncoKB cancer gene); AURKB (OncoKB cancer gene); TP53 (Tumour suppressor)	17p13.1	ALOX12B: HOMDEL 0.8%; AURKB: HOMDEL 0.8%; TP53: HOMDEL 2.3%	ALOX12B: 0.8%; NULL; TP53: 15.9%	Tier 1 (PTCL gene)	TRUE	TRUE	TRUE
B2_S01	0.1718	0.319955815124631	15	17	11000001	83000000	72	chr17:11-83Mb	0.0664635178387136	3	GAIN	3	GAIN	17q	GAIN	YES	ACTG1, CDK12, ERBB2, FLCN, IKZF3, NCOR1, NF1, RARA, RPTOR, SRSF2, STAT3, STAT5B	12	ACTG1 (OncoKB cancer gene); CDK12 (OncoKB cancer gene); ERBB2 (OncoKB cancer gene); FLCN (OncoKB cancer gene); IKZF3 (OncoKB cancer gene); NCOR1 (OncoKB cancer gene); NF1 (OncoKB cancer gene); RARA (OncoKB cancer gene); RPTOR (OncoKB cancer gene); SRSF2 (OncoKB cancer gene); STAT3 (JAK-STAT); STAT5B (JAK-STAT)	-; 17q12; 17p11.2; 17q12-q21.1; 17p12-p11.2	NULL; NULL; ERBB2: HOMDEL 0.8%; FLCN: HOMDEL 0.8%; IKZF3: AMP 1.0%; NCOR1: HOMDEL 0.8%; NULL; NULL; NULL; NULL; NULL; NULL	ACTG1: 1.0%; CDK12: 2.3%; NULL; NULL; IKZF3: 1.0%; NCOR1: 1.5%; NF1: 1.5%; RARA: 3.1%; RPTOR: 1.5%; SRSF2: 1.5%; STAT3: 7.6%; STAT5B: 3.8%	Tier 1 (PTCL gene)	TRUE	TRUE	TRUE
B2_S01	0.1718	0.319955815124631	15	18	43000001	80000000	37	chr18:43-80Mb	0.0605196142702511	3	GAIN	3	GAIN	18q	GAIN	YES	BCL2, SETBP1	2	BCL2 (Oncogene / CNA); SETBP1 (OncoKB cancer gene)	-	NULL; NULL	NULL; SETBP1: 1.0%	Tier 1 (PTCL gene)	TRUE	FALSE	TRUE
B2_S01	0.1718	0.319955815124631	15	19	1000001	58000000	57	chr19:1-58Mb	-0.0946335812071116	1	HETD	1	HETD	19q	LOSS	YES	AXL, BRD4, CALR, CD79A, CIC, DOT1L, ERCC2, GNA11, JAK3, KEAP1, NOTCH3, PIK3R2, PPP2R1A, PTPRS, SMARCA4, STK11, VAV1	17	AXL (OncoKB cancer gene); BRD4 (OncoKB cancer gene); CALR (OncoKB cancer gene); CD79A (OncoKB cancer gene); CIC (OncoKB cancer gene); DOT1L (OncoKB cancer gene); ERCC2 (OncoKB cancer gene); GNA11 (OncoKB cancer gene); JAK3 (JAK-STAT); KEAP1 (OncoKB cancer gene); NOTCH3 (Signalling); PIK3R2 (OncoKB cancer gene); PPP2R1A (OncoKB cancer gene); PTPRS (OncoKB cancer gene); SMARCA4 (OncoKB cancer gene); STK11 (OncoKB cancer gene); VAV1 (TCR / GTPase signalling)	-; 19q13.2; 19p13.3; 19p13.2	NULL; NULL; NULL; NULL; CIC: HOMDEL 0.8%; DOT1L: HOMDEL 0.8%; NULL; GNA11: HOMDEL 0.8%; NULL; NULL; NULL; NULL; NULL; NULL; SMARCA4: HOMDEL 0.8%; STK11: HOMDEL 0.8%; VAV1: AMP 1.0%	AXL: 0.8%; BRD4: 1.5%; CALR: 0.8%; CD79A: 0.8%; CIC: 1.5%; DOT1L: 0.8%; ERCC2: 3.4%; NULL; JAK3: 3.0%; KEAP1: 0.8%; NOTCH3: 2.3%; PIK3R2: 1.5%; PPP2R1A: 0.8%; PTPRS: 3.4%; SMARCA4: 0.8%; NULL; VAV1: 4.9%	Tier 1 (PTCL gene)	TRUE	TRUE	TRUE
B2_S02	0.04475	0.37294932503749	15	1	1000001	234000000	233	chr1:1-234Mb	0.00140662766486664	3	GAIN	3	GAIN	1p	GAIN	YES	ARID1A, CD58, CDC73, CDKN2C, H3-4, JAK1, LCK, MCL1, MTOR, MYCL, NOTCH2, NRAS, NTRK1, PARP1, RIT1, SETDB1, SPEN, YTHDF2	18	ARID1A (Chromatin remodelling); CD58 (Immune evasion); CDC73 (OncoKB cancer gene); CDKN2C (OncoKB cancer gene); H3-4 (OncoKB cancer gene); JAK1 (JAK-STAT); LCK (TCR signalling); MCL1 (Oncogene / CNA); MTOR (OncoKB cancer gene); MYCL (OncoKB cancer gene); NOTCH2 (OncoKB cancer gene); NRAS (RAS-MAPK signalling); NTRK1 (OncoKB cancer gene); PARP1 (OncoKB cancer gene); RIT1 (OncoKB cancer gene); SETDB1 (OncoKB cancer gene); SPEN (OncoKB cancer gene); YTHDF2 (Epigenetic regulator)	-; 1q21.2; 1q23.1; 1q21.3	NULL; NULL; NULL; NULL; NULL; NULL; NULL; MCL1: AMP 0.8%; NULL; NULL; NULL; NULL; NTRK1: AMP 0.8%; NULL; NULL; SETDB1: AMP 1.0%; NULL; NULL	ARID1A: 0.8%; CD58: 2.0%; CDC73: 1.5%; CDKN2C: 0.8%; H3-4: 3.4%; JAK1: 3.8%; LCK: 2.0%; NULL; MTOR: 0.8%; MYCL: 0.8%; NOTCH2: 0.8%; NRAS: 2.3%; NULL; PARP1: 0.8%; RIT1: 3.4%; SETDB1: 1.0%; SPEN: 0.8%; NULL	Tier 1 (PTCL gene)	TRUE	TRUE	TRUE
B2_S02	0.04475	0.37294932503749	15	1	234000001	248000000	14	chr1:234-248Mb	-0.0548382811992303	1	HETD	1	HETD	1q	GAIN	Discordant	AKT3	1	AKT3 (OncoKB cancer gene)	1q43-q44	AKT3: HOMDEL 0.8%	NULL	Tier 2 (cBioPortal CNA)	FALSE	TRUE	FALSE
B2_S02	0.04475	0.37294932503749	15	4	2000001	189000000	187	chr4:2-189Mb	-0.0124865255788939	1	HETD	1	HETD	4q	LOSS	YES	EPHA5, FAT1, KDR, KIT, PDGFRA, TET2	6	EPHA5 (OncoKB cancer gene); FAT1 (Tumour suppressor); KDR (OncoKB cancer gene); KIT (OncoKB cancer gene); PDGFRA (OncoKB cancer gene); TET2 (Epigenetic regulator)	-	NULL; NULL; NULL; NULL; NULL; NULL	EPHA5: 0.8%; FAT1: 7.6%; KDR: 1.5%; KIT: 1.5%; PDGFRA: 1.5%; TET2: 51.5%	Tier 1 (PTCL gene)	TRUE	FALSE	TRUE
B2_S02	0.04475	0.37294932503749	15	5	1000001	181000000	180	chr5:1-181Mb	0.0841971252813207	5	HLAMP	5	HLAMP	5q	GAIN	YES	APC, ARHGEF28, FGFR4, FLT4, MAP3K1, NSD1, PDGFRB, PIK3R1, RAD50, RICTOR, TERT	11	APC (OncoKB cancer gene); ARHGEF28 (OncoKB cancer gene); FGFR4 (OncoKB cancer gene); FLT4 (OncoKB cancer gene); MAP3K1 (OncoKB cancer gene); NSD1 (OncoKB cancer gene); PDGFRB (OncoKB cancer gene); PIK3R1 (OncoKB cancer gene); RAD50 (OncoKB cancer gene); RICTOR (OncoKB cancer gene); TERT (Telomere maintenance)	-	NULL; NULL; NULL; NULL; NULL; NULL; NULL; NULL; NULL; NULL; NULL	APC: 0.8%; ARHGEF28: 2.0%; FGFR4: 1.5%; FLT4: 0.8%; MAP3K1: 1.5%; NSD1: 0.8%; PDGFRB: 0.8%; PIK3R1: 0.8%; RAD50: 0.8%; RICTOR: 0.8%; TERT: 2.3%	Tier 1 (PTCL gene)	TRUE	FALSE	TRUE
B2_S02	0.04475	0.37294932503749	15	10	1000001	133000000	132	chr10:1-133Mb	-0.00127101433102324	3	GAIN	3	GAIN	10q	GAIN	YES	ARID5B, FAS, GATA3, PTEN, RET, SMC3, SUFU, TET1	8	ARID5B (OncoKB cancer gene); FAS (Apoptosis / immune evasion); GATA3 (Transcription factor); PTEN (Tumour suppressor); RET (OncoKB cancer gene); SMC3 (OncoKB cancer gene); SUFU (OncoKB cancer gene); TET1 (OncoKB cancer gene)	10q21.2; 10q23.31; 10p14; 10q11.21; -	ARID5B: HOMDEL 0.8%; AMP 0.8%; FAS: HOMDEL 2.0%; GATA3: AMP 0.8%; PTEN: HOMDEL 3.0%; RET: AMP 0.8%; NULL; NULL; NULL	ARID5B: 1.5%; FAS: 5.9%; GATA3: 0.8%; PTEN: 0.8%; RET: 0.8%; SMC3: 1.0%; SUFU: 0.8%; TET1: 0.8%	Tier 1 (PTCL gene)	TRUE	TRUE	TRUE
B2_S02	0.04475	0.37294932503749	15	15	25000001	101000000	76	chr15:25-101Mb	0.00478541945062866	3	GAIN	3	GAIN	15q	GAIN	YES	B2M, IDH2, IGF1R	3	B2M (Immune evasion); IDH2 (Epigenetic regulator); IGF1R (OncoKB cancer gene)	-; 15q26.1; 15q26.3	NULL; IDH2: HOMDEL 0.8%; IGF1R: HOMDEL 0.8%	NULL; IDH2: 11.4%; IGF1R: 1.5%	Tier 1 (PTCL gene)	TRUE	TRUE	TRUE
B2_S02	0.04475	0.37294932503749	15	17	1000001	83000000	82	chr17:1-83Mb	0.00806755066865105	3	GAIN	3	GAIN	17q	GAIN	YES	ACTG1, ALOX12B, AURKB, CDK12, ERBB2, FLCN, IKZF3, NCOR1, NF1, RARA, RPTOR, SRSF2, STAT3, STAT5B, TP53	15	ACTG1 (OncoKB cancer gene); ALOX12B (OncoKB cancer gene); AURKB (OncoKB cancer gene); CDK12 (OncoKB cancer gene); ERBB2 (OncoKB cancer gene); FLCN (OncoKB cancer gene); IKZF3 (OncoKB cancer gene); NCOR1 (OncoKB cancer gene); NF1 (OncoKB cancer gene); RARA (OncoKB cancer gene); RPTOR (OncoKB cancer gene); SRSF2 (OncoKB cancer gene); STAT3 (JAK-STAT); STAT5B (JAK-STAT); TP53 (Tumour suppressor)	-; 17p13.1; 17q12; 17p11.2; 17q12-q21.1; 17p12-p11.2	NULL; ALOX12B: HOMDEL 0.8%; AURKB: HOMDEL 0.8%; NULL; ERBB2: HOMDEL 0.8%; FLCN: HOMDEL 0.8%; IKZF3: AMP 1.0%; NCOR1: HOMDEL 0.8%; NULL; NULL; NULL; NULL; NULL; NULL; TP53: HOMDEL 2.3%	ACTG1: 1.0%; ALOX12B: 0.8%; NULL; CDK12: 2.3%; NULL; NULL; IKZF3: 1.0%; NCOR1: 1.5%; NF1: 1.5%; RARA: 3.1%; RPTOR: 1.5%; SRSF2: 1.5%; STAT3: 7.6%; STAT5B: 3.8%; TP53: 15.9%	Tier 1 (PTCL gene)	TRUE	TRUE	TRUE
B2_S02	0.04475	0.37294932503749	15	19	1000001	58000000	57	chr19:1-58Mb	-0.0425566183161427	1	HETD	1	HETD	19q	LOSS	YES	AXL, BRD4, CALR, CD79A, CIC, DOT1L, ERCC2, GNA11, JAK3, KEAP1, NOTCH3, PIK3R2, PPP2R1A, PTPRS, SMARCA4, STK11, VAV1	17	AXL (OncoKB cancer gene); BRD4 (OncoKB cancer gene); CALR (OncoKB cancer gene); CD79A (OncoKB cancer gene); CIC (OncoKB cancer gene); DOT1L (OncoKB cancer gene); ERCC2 (OncoKB cancer gene); GNA11 (OncoKB cancer gene); JAK3 (JAK-STAT); KEAP1 (OncoKB cancer gene); NOTCH3 (Signalling); PIK3R2 (OncoKB cancer gene); PPP2R1A (OncoKB cancer gene); PTPRS (OncoKB cancer gene); SMARCA4 (OncoKB cancer gene); STK11 (OncoKB cancer gene); VAV1 (TCR / GTPase signalling)	-; 19q13.2; 19p13.3; 19p13.2	NULL; NULL; NULL; NULL; CIC: HOMDEL 0.8%; DOT1L: HOMDEL 0.8%; NULL; GNA11: HOMDEL 0.8%; NULL; NULL; NULL; NULL; NULL; NULL; SMARCA4: HOMDEL 0.8%; STK11: HOMDEL 0.8%; VAV1: AMP 1.0%	AXL: 0.8%; BRD4: 1.5%; CALR: 0.8%; CD79A: 0.8%; CIC: 1.5%; DOT1L: 0.8%; ERCC2: 3.4%; NULL; JAK3: 3.0%; KEAP1: 0.8%; NOTCH3: 2.3%; PIK3R2: 1.5%; PPP2R1A: 0.8%; PTPRS: 3.4%; SMARCA4: 0.8%; NULL; VAV1: 4.9%	Tier 1 (PTCL gene)	TRUE	TRUE	TRUE
B2_S02	0.04475	0.37294932503749	15	21	14000001	46000000	32	chr21:14-46Mb	0.0846703292547323	5	HLAMP	5	HLAMP	21q	GAIN	YES	ERG, RUNX1, SETD4, U2AF1	4	ERG (OncoKB cancer gene); RUNX1 (OncoKB cancer gene); SETD4 (OncoKB cancer gene); U2AF1 (OncoKB cancer gene)	21q22.2; 21q22.12; 21q22.3	ERG: AMP 0.8%; RUNX1: AMP 0.8%; SETD4: AMP 1.0%; U2AF1: AMP 0.8%	ERG: 0.8%; NULL; NULL; NULL	Tier 2 (cBioPortal CNA)	FALSE	TRUE	TRUE
B2_S02	0.04475	0.37294932503749	15	22	19000001	49000000	30	chr22:19-49Mb	0.0223242630627158	3	GAIN	3	GAIN	22q	GAIN	YES	CHEK2, EP300, MAPK1, NF2, XBP1	5	CHEK2 (OncoKB cancer gene); EP300 (Epigenetic regulator); MAPK1 (OncoKB cancer gene); NF2 (OncoKB cancer gene); XBP1 (OncoKB cancer gene)	22q12.1; 22q13.2; -; 22q12.2	CHEK2: HOMDEL 0.8%; EP300: AMP 0.8%; NULL; NF2: AMP 0.8%; XBP1: HOMDEL 1.0%	NULL; EP300: 2.3%; MAPK1: 0.8%; NULL; NULL	Tier 1 (PTCL gene)	TRUE	TRUE	TRUE
B2_S03	0.08393	0.403740371088044	15	1	1000001	43000000	42	chr1:1-43Mb	-0.064600998540926	1	HETD	1	HETD	1p	NEUTRAL	Focal (arm neutral)	ARID1A, LCK, MTOR, MYCL, SPEN, YTHDF2	6	ARID1A (Chromatin remodelling); LCK (TCR signalling); MTOR (OncoKB cancer gene); MYCL (OncoKB cancer gene); SPEN (OncoKB cancer gene); YTHDF2 (Epigenetic regulator)	-	NULL; NULL; NULL; NULL; NULL; NULL	ARID1A: 0.8%; LCK: 2.0%; MTOR: 0.8%; MYCL: 0.8%; SPEN: 0.8%; NULL	Tier 1 (PTCL gene)	TRUE	FALSE	TRUE
B2_S03	0.08393	0.403740371088044	15	1	43000001	62000000	19	chr1:43-62Mb	0.0657868938645366	3	GAIN	3	GAIN	1p	NEUTRAL	Focal (arm neutral)	CDKN2C	1	CDKN2C (OncoKB cancer gene)	-	NULL	CDKN2C: 0.8%	Tier 3 (cBioPortal mutated)	FALSE	FALSE	TRUE
B2_S03	0.08393	0.403740371088044	15	1	156000001	210000000	54	chr1:156-210Mb	0.100854482223425	4	AMP	4	AMP	1q	GAIN	YES	CDC73, NTRK1	2	CDC73 (OncoKB cancer gene); NTRK1 (OncoKB cancer gene)	-; 1q23.1	NULL; NTRK1: AMP 0.8%	CDC73: 1.5%; NULL	Tier 2 (cBioPortal CNA)	FALSE	TRUE	TRUE
B2_S03	0.08393	0.403740371088044	15	1	210000001	248000000	38	chr1:210-248Mb	0.0087831274089321	3	GAIN	3	GAIN	1q	GAIN	YES	AKT3, H3-4, PARP1	3	AKT3 (OncoKB cancer gene); H3-4 (OncoKB cancer gene); PARP1 (OncoKB cancer gene)	1q43-q44; -	AKT3: HOMDEL 0.8%; NULL; NULL	NULL; H3-4: 3.4%; PARP1: 0.8%	Tier 2 (cBioPortal CNA)	FALSE	TRUE	TRUE
B2_S03	0.08393	0.403740371088044	15	3	1000001	87000000	86	chr3:1-87Mb	0.0264244023689222	3	GAIN	3	GAIN	3p	GAIN	YES	BAP1, CCR4, CTNNB1, MITF, MLH1, PBRM1, RHOA, ROBO1, SETD2, SETD5, TGFBR2	11	BAP1 (OncoKB cancer gene); CCR4 (Subtype-specific — ATLL); CTNNB1 (OncoKB cancer gene); MITF (OncoKB cancer gene); MLH1 (OncoKB cancer gene); PBRM1 (OncoKB cancer gene); RHOA (TCR / GTPase signalling); ROBO1 (OncoKB cancer gene); SETD2 (Epigenetic regulator); SETD5 (OncoKB cancer gene); TGFBR2 (OncoKB cancer gene)	3p21.1; -; 3p21.31; 3p12.3	BAP1: HOMDEL 0.8%; NULL; NULL; NULL; NULL; PBRM1: HOMDEL 0.8%; RHOA: HOMDEL 0.8%; ROBO1: HOMDEL 1.0%; SETD2: HOMDEL 0.8%; NULL; NULL	NULL; NULL; CTNNB1: 0.8%; MITF: 2.3%; MLH1: 0.8%; PBRM1: 1.5%; RHOA: 30.5%; ROBO1: 3.9%; SETD2: 6.1%; SETD5: 1.0%; TGFBR2: 0.8%	Tier 1 (PTCL gene)	TRUE	TRUE	TRUE
B2_S03	0.08393	0.403740371088044	15	3	95000001	198000000	103	chr3:95-198Mb	0.101606126339728	4	AMP	4	AMP	3q	GAIN	YES	ATR, BCL6, EPHB1, FOXL2, SOX2, STAG1, TBL1XR1, TP63	8	ATR (OncoKB cancer gene); BCL6 (Transcription factor); EPHB1 (OncoKB cancer gene); FOXL2 (OncoKB cancer gene); SOX2 (OncoKB cancer gene); STAG1 (OncoKB cancer gene); TBL1XR1 (Transcription / signalling); TP63 (Subtype-specific — ALK- ALCL)	-; 3q27.3	NULL; BCL6: HOMDEL 1.5%; NULL; NULL; NULL; NULL; NULL; NULL	ATR: 0.8%; NULL; EPHB1: 1.5%; FOXL2: 0.8%; SOX2: 0.8%; STAG1: 1.0%; TBL1XR1: 2.0%; NULL	Tier 1 (PTCL gene)	TRUE	TRUE	TRUE
B2_S03	0.08393	0.403740371088044	15	4	124000001	179000000	55	chr4:124-179Mb	-0.0377812977308002	1	HETD	1	HETD	4q	NEUTRAL	Focal (arm neutral)	none	0	-	-	-	-	No known cancer gene	FALSE	FALSE	FALSE
B2_S03	0.08393	0.403740371088044	15	4	179000001	189000000	10	chr4:179-189Mb	-0.0954342769548049	1	HETD	1	HETD	4q	NEUTRAL	Focal (arm neutral)	FAT1	1	FAT1 (Tumour suppressor)	-	NULL	FAT1: 7.6%	Tier 1 (PTCL gene)	TRUE	FALSE	TRUE
B2_S03	0.08393	0.403740371088044	15	5	1000001	30000000	29	chr5:1-30Mb	-0.0325039192712283	1	HETD	1	HETD	5p	LOSS	YES	TERT	1	TERT (Telomere maintenance)	-	NULL	TERT: 2.3%	Tier 1 (PTCL gene)	TRUE	FALSE	TRUE
B2_S03	0.08393	0.403740371088044	15	6	92000001	170000000	78	chr6:92-170Mb	-0.0819450783224931	1	HETD	1	HETD	6q	LOSS	YES	ARID1B, EPHA7, ESR1, FOXO3, FYN, PRDM1, ROS1, SGK1, TNFAIP3	9	ARID1B (OncoKB cancer gene); EPHA7 (OncoKB cancer gene); ESR1 (OncoKB cancer gene); FOXO3 (Tumour suppressor); FYN (TCR / kinase signalling); PRDM1 (Tumour suppressor); ROS1 (OncoKB cancer gene); SGK1 (OncoKB cancer gene); TNFAIP3 (Tumour suppressor)	-; 6q16.1; 6q25.1-q25.2; 6q23.3	NULL; EPHA7: HOMDEL 0.8%; ESR1: HOMDEL 0.8%; NULL; NULL; NULL; NULL; NULL; TNFAIP3: HOMDEL 0.8%	ARID1B: 0.8%; EPHA7: 2.3%; ESR1: 0.8%; NULL; FYN: 0.8%; PRDM1: 1.5%; ROS1: 1.5%; SGK1: 1.0%; TNFAIP3: 3.1%	Tier 1 (PTCL gene)	TRUE	TRUE	TRUE
B2_S03	0.08393	0.403740371088044	15	8	121000001	145000000	24	chr8:121-145Mb	0.0647092006689926	3	GAIN	3	GAIN	8q	NEUTRAL	Focal (arm neutral)	MYC	1	MYC (Oncogene / CNA)	-	NULL	NULL	Tier 1 (PTCL gene)	TRUE	FALSE	FALSE
B2_S03	0.08393	0.403740371088044	15	10	1000001	25000000	24	chr10:1-25Mb	-0.0305447394057011	1	HETD	1	HETD	10p	LOSS	YES	GATA3	1	GATA3 (Transcription factor)	10p14	GATA3: AMP 0.8%	GATA3: 0.8%	Tier 1 (PTCL gene)	TRUE	TRUE	TRUE
B2_S03	0.08393	0.403740371088044	15	10	64000001	133000000	69	chr10:64-133Mb	0.0588749419236376	3	GAIN	3	GAIN	10q	GAIN	YES	FAS, PTEN, SMC3, SUFU, TET1	5	FAS (Apoptosis / immune evasion); PTEN (Tumour suppressor); SMC3 (OncoKB cancer gene); SUFU (OncoKB cancer gene); TET1 (OncoKB cancer gene)	10q23.31; -	FAS: HOMDEL 2.0%; PTEN: HOMDEL 3.0%; NULL; NULL; NULL	FAS: 5.9%; PTEN: 0.8%; SMC3: 1.0%; SUFU: 0.8%; TET1: 0.8%	Tier 1 (PTCL gene)	TRUE	TRUE	TRUE
B2_S03	0.08393	0.403740371088044	15	11	113000001	125000000	12	chr11:113-125Mb	0.0449154247079961	3	GAIN	3	GAIN	11q	NEUTRAL	Focal (arm neutral)	none	0	-	-	-	-	No known cancer gene	FALSE	FALSE	FALSE
B2_S03	0.08393	0.403740371088044	15	11	125000001	135000000	10	chr11:125-135Mb	0.274103401598658	5	HLAMP	5	HLAMP	11q	NEUTRAL	Focal (arm neutral)	CHEK1	1	CHEK1 (OncoKB cancer gene)	-	NULL	CHEK1: 0.8%	Tier 3 (cBioPortal mutated)	FALSE	FALSE	TRUE
B2_S03	0.08393	0.403740371088044	15	12	1000001	132000000	131	chr12:1-132Mb	0.0139018094140062	3	GAIN	3	GAIN	12q	GAIN	YES	ARID2, BTG1, DTX1, EP400, ERBB3, ETV6, HNF1A, KMT2D, KMT5A, KRAS, KSR2, NCOR2, PIK3C2G, SETD1B, SH2B3	15	ARID2 (Chromatin remodelling); BTG1 (OncoKB cancer gene); DTX1 (Signalling); EP400 (OncoKB cancer gene); ERBB3 (OncoKB cancer gene); ETV6 (OncoKB cancer gene); HNF1A (OncoKB cancer gene); KMT2D (Epigenetic regulator); KMT5A (OncoKB cancer gene); KRAS (OncoKB cancer gene); KSR2 (OncoKB cancer gene); NCOR2 (OncoKB cancer gene); PIK3C2G (OncoKB cancer gene); SETD1B (Epigenetic regulator); SH2B3 (OncoKB cancer gene)	-; 12q21.33; 12q24.31	NULL; BTG1: AMP 1.0%; NULL; NULL; NULL; NULL; NULL; NULL; KMT5A: HOMDEL 1.0%; NULL; NULL; NCOR2: HOMDEL 1.0%; NULL; NULL; NULL	ARID2: 3.1%; NULL; DTX1: 2.9%; EP400: 1.0%; ERBB3: 0.8%; ETV6: 0.8%; HNF1A: 0.8%; KMT2D: 4.6%; NULL; KRAS: 1.5%; KSR2: 4.9%; NCOR2: 2.9%; PIK3C2G: 3.1%; SETD1B: 2.0%; SH2B3: 1.5%	Tier 1 (PTCL gene)	TRUE	TRUE	TRUE
B2_S03	0.08393	0.403740371088044	15	13	20000001	62000000	42	chr13:20-62Mb	-0.0545064613398259	1	HETD	1	HETD	13q	GAIN	Discordant	BRCA2, CDK8, FLT1, FLT3, LATS2	5	BRCA2 (OncoKB cancer gene); CDK8 (OncoKB cancer gene); FLT1 (OncoKB cancer gene); FLT3 (OncoKB cancer gene); LATS2 (OncoKB cancer gene)	-	NULL; NULL; NULL; NULL; NULL	BRCA2: 0.8%; CDK8: 0.8%; FLT1: 0.8%; FLT3: 1.5%; LATS2: 3.4%	Tier 3 (cBioPortal mutated)	FALSE	FALSE	TRUE
B2_S03	0.08393	0.403740371088044	15	13	62000001	113000000	51	chr13:62-113Mb	0.0593164066061498	3	GAIN	3	GAIN	13q	GAIN	YES	IRS2	1	IRS2 (OncoKB cancer gene)	-	NULL	IRS2: 0.8%	Tier 3 (cBioPortal mutated)	FALSE	FALSE	TRUE
B2_S03	0.08393	0.403740371088044	15	14	57000001	68000000	11	chr14:57-68Mb	0.0651622069118317	3	GAIN	3	GAIN	14q	NEUTRAL	Focal (arm neutral)	ARID4A	1	ARID4A (OncoKB cancer gene)	-	NULL	ARID4A: 1.0%	Tier 3 (cBioPortal mutated)	FALSE	FALSE	TRUE
B2_S03	0.08393	0.403740371088044	15	14	68000001	83000000	15	chr14:68-83Mb	0.333744414589007	5	HLAMP	5	HLAMP	14q	NEUTRAL	Focal (arm neutral)	TSHR	1	TSHR (OncoKB cancer gene)	-	NULL	TSHR: 0.8%	Tier 3 (cBioPortal mutated)	FALSE	FALSE	TRUE
B2_S03	0.08393	0.403740371088044	15	14	83000001	105000000	22	chr14:83-105Mb	-0.0475382442923322	1	HETD	1	HETD	14q	NEUTRAL	Focal (arm neutral)	AKT1, BCL11B	2	AKT1 (OncoKB cancer gene); BCL11B (OncoKB cancer gene)	-	NULL; NULL	AKT1: 0.8%; BCL11B: 1.0%	Tier 3 (cBioPortal mutated)	FALSE	FALSE	TRUE
B2_S03	0.08393	0.403740371088044	15	17	1000001	49000000	48	chr17:1-49Mb	-0.0274775697487713	1	HETD	1	HETD	17p	LOSS	YES	ALOX12B, AURKB, CDK12, ERBB2, FLCN, IKZF3, NCOR1, NF1, RARA, STAT3, STAT5B, TP53	12	ALOX12B (OncoKB cancer gene); AURKB (OncoKB cancer gene); CDK12 (OncoKB cancer gene); ERBB2 (OncoKB cancer gene); FLCN (OncoKB cancer gene); IKZF3 (OncoKB cancer gene); NCOR1 (OncoKB cancer gene); NF1 (OncoKB cancer gene); RARA (OncoKB cancer gene); STAT3 (JAK-STAT); STAT5B (JAK-STAT); TP53 (Tumour suppressor)	17p13.1; -; 17q12; 17p11.2; 17q12-q21.1; 17p12-p11.2	ALOX12B: HOMDEL 0.8%; AURKB: HOMDEL 0.8%; NULL; ERBB2: HOMDEL 0.8%; FLCN: HOMDEL 0.8%; IKZF3: AMP 1.0%; NCOR1: HOMDEL 0.8%; NULL; NULL; NULL; NULL; TP53: HOMDEL 2.3%	ALOX12B: 0.8%; NULL; CDK12: 2.3%; NULL; NULL; IKZF3: 1.0%; NCOR1: 1.5%; NF1: 1.5%; RARA: 3.1%; STAT3: 7.6%; STAT5B: 3.8%; TP53: 15.9%	Tier 1 (PTCL gene)	TRUE	TRUE	TRUE
B2_S03	0.08393	0.403740371088044	15	18	1000001	14000000	13	chr18:1-14Mb	-0.0849328997521742	1	HETD	1	HETD	18p	LOSS	YES	PTPN2	1	PTPN2 (OncoKB cancer gene)	-	NULL	PTPN2: 1.0%	Tier 3 (cBioPortal mutated)	FALSE	FALSE	TRUE
B2_S03	0.08393	0.403740371088044	15	18	22000001	80000000	58	chr18:22-80Mb	-0.0258256839269533	1	HETD	1	HETD	18q	LOSS	YES	BCL2, PIK3C3, SETBP1	3	BCL2 (Oncogene / CNA); PIK3C3 (OncoKB cancer gene); SETBP1 (OncoKB cancer gene)	-	NULL; NULL; NULL	NULL; PIK3C3: 1.5%; SETBP1: 1.0%	Tier 1 (PTCL gene)	TRUE	FALSE	TRUE
B2_S03	0.08393	0.403740371088044	15	19	1000001	58000000	57	chr19:1-58Mb	-0.0715086223967024	1	HETD	1	HETD	19q	LOSS	YES	AXL, BRD4, CALR, CD79A, CIC, DOT1L, ERCC2, GNA11, JAK3, KEAP1, NOTCH3, PIK3R2, PPP2R1A, PTPRS, SMARCA4, STK11, VAV1	17	AXL (OncoKB cancer gene); BRD4 (OncoKB cancer gene); CALR (OncoKB cancer gene); CD79A (OncoKB cancer gene); CIC (OncoKB cancer gene); DOT1L (OncoKB cancer gene); ERCC2 (OncoKB cancer gene); GNA11 (OncoKB cancer gene); JAK3 (JAK-STAT); KEAP1 (OncoKB cancer gene); NOTCH3 (Signalling); PIK3R2 (OncoKB cancer gene); PPP2R1A (OncoKB cancer gene); PTPRS (OncoKB cancer gene); SMARCA4 (OncoKB cancer gene); STK11 (OncoKB cancer gene); VAV1 (TCR / GTPase signalling)	-; 19q13.2; 19p13.3; 19p13.2	NULL; NULL; NULL; NULL; CIC: HOMDEL 0.8%; DOT1L: HOMDEL 0.8%; NULL; GNA11: HOMDEL 0.8%; NULL; NULL; NULL; NULL; NULL; NULL; SMARCA4: HOMDEL 0.8%; STK11: HOMDEL 0.8%; VAV1: AMP 1.0%	AXL: 0.8%; BRD4: 1.5%; CALR: 0.8%; CD79A: 0.8%; CIC: 1.5%; DOT1L: 0.8%; ERCC2: 3.4%; NULL; JAK3: 3.0%; KEAP1: 0.8%; NOTCH3: 2.3%; PIK3R2: 1.5%; PPP2R1A: 0.8%; PTPRS: 3.4%; SMARCA4: 0.8%; NULL; VAV1: 4.9%	Tier 1 (PTCL gene)	TRUE	TRUE	TRUE
B2_S04	0.4552	0.54294362241153	20	1	1000001	27000000	26	chr1:1-27Mb	0.48305469515077	4	AMP	4	AMP	1p	NEUTRAL	Focal (arm neutral)	ARID1A, MTOR, SPEN	3	ARID1A (Chromatin remodelling); MTOR (OncoKB cancer gene); SPEN (OncoKB cancer gene)	-	NULL; NULL; NULL	ARID1A: 0.8%; MTOR: 0.8%; SPEN: 0.8%	Tier 1 (PTCL gene)	TRUE	FALSE	TRUE
B2_S04	0.4552	0.54294362241153	20	1	150000001	248000000	98	chr1:150-248Mb	0.456501892923208	4	AMP	4	AMP	1q	GAIN	YES	AKT3, CDC73, H3-4, MCL1, NTRK1, PARP1, RIT1, SETDB1	8	AKT3 (OncoKB cancer gene); CDC73 (OncoKB cancer gene); H3-4 (OncoKB cancer gene); MCL1 (Oncogene / CNA); NTRK1 (OncoKB cancer gene); PARP1 (OncoKB cancer gene); RIT1 (OncoKB cancer gene); SETDB1 (OncoKB cancer gene)	1q43-q44; -; 1q21.2; 1q23.1; 1q21.3	AKT3: HOMDEL 0.8%; NULL; NULL; MCL1: AMP 0.8%; NTRK1: AMP 0.8%; NULL; NULL; SETDB1: AMP 1.0%	NULL; CDC73: 1.5%; H3-4: 3.4%; NULL; NULL; PARP1: 0.8%; RIT1: 3.4%; SETDB1: 1.0%	Tier 1 (PTCL gene)	TRUE	TRUE	TRUE
B2_S04	0.4552	0.54294362241153	20	2	1000001	54000000	53	chr2:1-54Mb	0.67762376184026	5	HLAMP	5	HLAMP	2p	GAIN	YES	ALK, ASXL2, DNMT3A, FBXO11, MSH6, MYCN	6	ALK (Subtype-specific — ALK+ ALCL); ASXL2 (OncoKB cancer gene); DNMT3A (Epigenetic regulator); FBXO11 (OncoKB cancer gene); MSH6 (OncoKB cancer gene); MYCN (OncoKB cancer gene)	-	NULL; NULL; NULL; NULL; NULL; NULL	ALK: 2.3%; ASXL2: 0.8%; DNMT3A: 18.9%; FBXO11: 1.0%; MSH6: 0.8%; MYCN: 0.8%	Tier 1 (PTCL gene)	TRUE	FALSE	TRUE
B2_S04	0.4552	0.54294362241153	20	2	54000001	86000000	32	chr2:54-86Mb	0.448696912751999	4	AMP	4	AMP	2p	GAIN	YES	PCBP1, REL, TET3, XPO1	4	PCBP1 (OncoKB cancer gene); REL (OncoKB cancer gene); TET3 (Epigenetic regulator); XPO1 (Nuclear transport)	-; 2p16.1	NULL; REL: AMP 0.8%; NULL; NULL	PCBP1: 1.0%; NULL; TET3: 3.9%; XPO1: 1.5%	Tier 1 (PTCL gene)	TRUE	TRUE	TRUE
B2_S04	0.4552	0.54294362241153	20	2	107000001	121000000	14	chr2:107-121Mb	0.458098956333473	4	AMP	4	AMP	2q	NEUTRAL	Focal (arm neutral)	none	0	-	-	-	-	No known cancer gene	FALSE	FALSE	FALSE
B2_S04	0.4552	0.54294362241153	20	3	1000001	144000000	143	chr3:1-144Mb	-0.403687712866345	1	HETD	1	HETD	3p	LOSS	YES	ATR, BAP1, CCR4, CTNNB1, EPHA3, EPHB1, FOXL2, MITF, MLH1, PBRM1, RHOA, ROBO1, SETD2, SETD5, STAG1, TGFBR2	16	ATR (OncoKB cancer gene); BAP1 (OncoKB cancer gene); CCR4 (Subtype-specific — ATLL); CTNNB1 (OncoKB cancer gene); EPHA3 (OncoKB cancer gene); EPHB1 (OncoKB cancer gene); FOXL2 (OncoKB cancer gene); MITF (OncoKB cancer gene); MLH1 (OncoKB cancer gene); PBRM1 (OncoKB cancer gene); RHOA (TCR / GTPase signalling); ROBO1 (OncoKB cancer gene); SETD2 (Epigenetic regulator); SETD5 (OncoKB cancer gene); STAG1 (OncoKB cancer gene); TGFBR2 (OncoKB cancer gene)	-; 3p21.1; 3p21.31; 3p12.3	NULL; BAP1: HOMDEL 0.8%; NULL; NULL; NULL; NULL; NULL; NULL; NULL; PBRM1: HOMDEL 0.8%; RHOA: HOMDEL 0.8%; ROBO1: HOMDEL 1.0%; SETD2: HOMDEL 0.8%; NULL; NULL; NULL	ATR: 0.8%; NULL; NULL; CTNNB1: 0.8%; EPHA3: 3.1%; EPHB1: 1.5%; FOXL2: 0.8%; MITF: 2.3%; MLH1: 0.8%; PBRM1: 1.5%; RHOA: 30.5%; ROBO1: 3.9%; SETD2: 6.1%; SETD5: 1.0%; STAG1: 1.0%; TGFBR2: 0.8%	Tier 1 (PTCL gene)	TRUE	TRUE	TRUE
B2_S04	0.4552	0.54294362241153	20	4	2000001	27000000	25	chr4:2-27Mb	0.430305436370747	4	AMP	4	AMP	4p	GAIN	YES	none	0	-	-	-	-	No known cancer gene	FALSE	FALSE	FALSE
B2_S04	0.4552	0.54294362241153	20	4	27000001	48000000	21	chr4:27-48Mb	0.208540125465459	3	GAIN	3	GAIN	4p	GAIN	YES	none	0	-	-	-	-	No known cancer gene	FALSE	FALSE	FALSE
B2_S04	0.4552	0.54294362241153	20	5	52000001	109000000	57	chr5:52-109Mb	0.210998477815134	3	GAIN	3	GAIN	5q	GAIN	YES	ARHGEF28, MAP3K1, PIK3R1	3	ARHGEF28 (OncoKB cancer gene); MAP3K1 (OncoKB cancer gene); PIK3R1 (OncoKB cancer gene)	-	NULL; NULL; NULL	ARHGEF28: 2.0%; MAP3K1: 1.5%; PIK3R1: 0.8%	Tier 3 (cBioPortal mutated)	FALSE	FALSE	TRUE
B2_S04	0.4552	0.54294362241153	20	5	109000001	181000000	72	chr5:109-181Mb	0.457142449521363	4	AMP	4	AMP	5q	GAIN	YES	APC, FGFR4, FLT4, NSD1, PDGFRB, RAD50	6	APC (OncoKB cancer gene); FGFR4 (OncoKB cancer gene); FLT4 (OncoKB cancer gene); NSD1 (OncoKB cancer gene); PDGFRB (OncoKB cancer gene); RAD50 (OncoKB cancer gene)	-	NULL; NULL; NULL; NULL; NULL; NULL	APC: 0.8%; FGFR4: 1.5%; FLT4: 0.8%; NSD1: 0.8%; PDGFRB: 0.8%; RAD50: 0.8%	Tier 3 (cBioPortal mutated)	FALSE	FALSE	TRUE
B2_S04	0.4552	0.54294362241153	20	6	1000001	42000000	41	chr6:1-42Mb	0.187475335173439	3	GAIN	3	GAIN	6p	GAIN	YES	CCND3, DAXX, H1-2, H1-3, H1-4, H2AC6, H2BC5, H3C2, HLA-A, LTB, NOTCH4, PIM1	12	CCND3 (OncoKB cancer gene); DAXX (OncoKB cancer gene); H1-2 (OncoKB cancer gene); H1-3 (OncoKB cancer gene); H1-4 (OncoKB cancer gene); H2AC6 (OncoKB cancer gene); H2BC5 (OncoKB cancer gene); H3C2 (OncoKB cancer gene); HLA-A (Immune evasion); LTB (OncoKB cancer gene); NOTCH4 (OncoKB cancer gene); PIM1 (OncoKB cancer gene)	-; 6p21.32; 6p21.33	NULL; DAXX: HOMDEL 0.8%; NULL; NULL; NULL; NULL; NULL; NULL; NULL; LTB: HOMDEL 1.0%; NOTCH4: HOMDEL 0.8%; NULL	CCND3: 2.3%; NULL; H1-2: 0.8%; H1-3: 1.0%; H1-4: 1.0%; H2AC6: 1.0%; H2BC5: 0.8%; H3C2: 0.8%; HLA-A: 3.1%; NULL; NOTCH4: 0.8%; PIM1: 0.8%	Tier 1 (PTCL gene)	TRUE	TRUE	TRUE
B2_S04	0.4552	0.54294362241153	20	6	42000001	57000000	15	chr6:42-57Mb	0.359076696811977	4	AMP	4	AMP	6p	GAIN	YES	CCND3	1	CCND3 (OncoKB cancer gene)	-	NULL	CCND3: 2.3%	Tier 3 (cBioPortal mutated)	FALSE	FALSE	TRUE
B2_S04	0.4552	0.54294362241153	20	6	89000001	112000000	23	chr6:89-112Mb	0.367389505637579	4	AMP	4	AMP	6q	GAIN	YES	BACH2, EPHA7, FOXO3, FYN, PRDM1	5	BACH2 (Transcription factor); EPHA7 (OncoKB cancer gene); FOXO3 (Tumour suppressor); FYN (TCR / kinase signalling); PRDM1 (Tumour suppressor)	6q15; 6q16.1; -	BACH2: AMP 1.0%; EPHA7: HOMDEL 0.8%; NULL; NULL; NULL	NULL; EPHA7: 2.3%; NULL; FYN: 0.8%; PRDM1: 1.5%	Tier 1 (PTCL gene)	TRUE	TRUE	TRUE
B2_S04	0.4552	0.54294362241153	20	6	112000001	170000000	58	chr6:112-170Mb	0.1990962437278	3	GAIN	3	GAIN	6q	GAIN	YES	ARID1B, ESR1, ROS1, SGK1, TNFAIP3	5	ARID1B (OncoKB cancer gene); ESR1 (OncoKB cancer gene); ROS1 (OncoKB cancer gene); SGK1 (OncoKB cancer gene); TNFAIP3 (Tumour suppressor)	-; 6q25.1-q25.2; 6q23.3	NULL; ESR1: HOMDEL 0.8%; NULL; NULL; TNFAIP3: HOMDEL 0.8%	ARID1B: 0.8%; ESR1: 0.8%; ROS1: 1.5%; SGK1: 1.0%; TNFAIP3: 3.1%	Tier 1 (PTCL gene)	TRUE	TRUE	TRUE
B2_S04	0.4552	0.54294362241153	20	7	142000001	159000000	17	chr7:142-159Mb	-0.386873102164784	1	HETD	1	HETD	7q	NEUTRAL	Focal (arm neutral)	EZH2, KMT2C, MGAM	3	EZH2 (OncoKB cancer gene); KMT2C (Epigenetic regulator); MGAM (OncoKB cancer gene)	-	NULL; NULL; NULL	EZH2: 0.8%; KMT2C: 2.3%; MGAM: 2.0%	Tier 1 (PTCL gene)	TRUE	FALSE	TRUE
B2_S04	0.4552	0.54294362241153	20	8	48000001	145000000	97	chr8:48-145Mb	0.448934957433746	4	AMP	4	AMP	8q	GAIN	YES	MYC, RAD21, RUNX1T1, UBR5	4	MYC (Oncogene / CNA); RAD21 (OncoKB cancer gene); RUNX1T1 (OncoKB cancer gene); UBR5 (OncoKB cancer gene)	-; 8q21.3	NULL; NULL; RUNX1T1: HOMDEL 1.0%; NULL	NULL; RAD21: 0.8%; RUNX1T1: 1.0%; UBR5: 1.0%	Tier 1 (PTCL gene)	TRUE	TRUE	TRUE
B2_S04	0.4552	0.54294362241153	20	9	1000001	9000000	8	chr9:1-9Mb	-0.443116568333841	1	HETD	1	HETD	9p	GAIN	Discordant	CD274	1	CD274 (Immune evasion)	-	NULL	CD274: 0.8%	Tier 1 (PTCL gene)	TRUE	FALSE	TRUE
B2_S04	0.4552	0.54294362241153	20	9	9000001	129000000	120	chr9:9-129Mb	0.193049908811434	3	GAIN	3	GAIN	9q	GAIN	YES	CDKN2A, CDKN2B, FANCC, GNAQ, MOB3B, NTRK2, PAX5, PTCH1, SYK	9	CDKN2A (Tumour suppressor); CDKN2B (Tumour suppressor); FANCC (OncoKB cancer gene); GNAQ (OncoKB cancer gene); MOB3B (OncoKB cancer gene); NTRK2 (OncoKB cancer gene); PAX5 (OncoKB cancer gene); PTCH1 (OncoKB cancer gene); SYK (TCR signalling)	9p21.3; 9q22.32; 9q21.2; -; 9q21.33; 9q22.2	CDKN2A: HOMDEL 2.3%; CDKN2B: HOMDEL 1.5%; FANCC: HOMDEL 0.8%; GNAQ: HOMDEL 0.8%; NULL; NTRK2: HOMDEL 0.8%; NULL; PTCH1: HOMDEL 0.8%; SYK: HOMDEL 0.8%	CDKN2A: 2.3%; NULL; NULL; NULL; MOB3B: 1.0%; NTRK2: 0.8%; PAX5: 0.8%; PTCH1: 0.8%; NULL	Tier 1 (PTCL gene)	TRUE	TRUE	TRUE
B2_S04	0.4552	0.54294362241153	20	9	129000001	138000000	9	chr9:129-138Mb	-0.334357559981385	1	HETD	1	HETD	9q	GAIN	Discordant	ABL1, NOTCH1	2	ABL1 (OncoKB cancer gene); NOTCH1 (Signalling)	-	NULL; NULL	ABL1: 0.8%; NOTCH1: 2.3%	Tier 1 (PTCL gene)	TRUE	FALSE	TRUE
B2_S04	0.4552	0.54294362241153	20	10	1000001	7000000	6	chr10:1-7Mb	0.194380073639134	3	GAIN	3	GAIN	10p	LOSS	Discordant	none	0	-	-	-	-	No known cancer gene	FALSE	FALSE	FALSE
B2_S04	0.4552	0.54294362241153	20	10	7000001	32000000	25	chr10:7-32Mb	-1.02792887280363	1	HETD	1	HETD	10p	LOSS	YES	GATA3	1	GATA3 (Transcription factor)	10p14	GATA3: AMP 0.8%	GATA3: 0.8%	Tier 1 (PTCL gene)	TRUE	TRUE	TRUE
B2_S04	0.4552	0.54294362241153	20	11	1000001	135000000	134	chr11:1-135Mb	0.215821407336825	3	GAIN	3	GAIN	11q	GAIN	YES	ATM, BIRC3, CCND1, CHEK1, FGF3, MRE11	6	ATM (DNA damage response); BIRC3 (OncoKB cancer gene); CCND1 (OncoKB cancer gene); CHEK1 (OncoKB cancer gene); FGF3 (OncoKB cancer gene); MRE11 (OncoKB cancer gene)	11q22.3; -	ATM: HOMDEL 0.8%; NULL; NULL; NULL; NULL; NULL	ATM: 2.3%; BIRC3: 0.8%; CCND1: 0.8%; CHEK1: 0.8%; FGF3: 1.5%; MRE11: 0.8%	Tier 1 (PTCL gene)	TRUE	TRUE	TRUE
B2_S04	0.4552	0.54294362241153	20	13	20000001	49000000	29	chr13:20-49Mb	-0.472561974118384	1	HETD	1	HETD	13q	LOSS	YES	BRCA2, CDK8, FLT1, FLT3, LATS2	5	BRCA2 (OncoKB cancer gene); CDK8 (OncoKB cancer gene); FLT1 (OncoKB cancer gene); FLT3 (OncoKB cancer gene); LATS2 (OncoKB cancer gene)	-	NULL; NULL; NULL; NULL; NULL	BRCA2: 0.8%; CDK8: 0.8%; FLT1: 0.8%; FLT3: 1.5%; LATS2: 3.4%	Tier 3 (cBioPortal mutated)	FALSE	FALSE	TRUE
B2_S04	0.4552	0.54294362241153	20	13	67000001	113000000	46	chr13:67-113Mb	-0.498712264429538	1	HETD	1	HETD	13q	LOSS	YES	IRS2	1	IRS2 (OncoKB cancer gene)	-	NULL	IRS2: 0.8%	Tier 3 (cBioPortal mutated)	FALSE	FALSE	TRUE
B2_S04	0.4552	0.54294362241153	20	14	20000001	23000000	3	chr14:20-23Mb	-0.546351497374732	1	HETD	1	HETD	14q	NEUTRAL	Focal (arm neutral)	none	0	-	-	-	-	No known cancer gene	FALSE	FALSE	FALSE
B2_S04	0.4552	0.54294362241153	20	14	99000001	102000000	3	chr14:99-102Mb	0.484793142675041	4	AMP	4	AMP	14q	NEUTRAL	Focal (arm neutral)	BCL11B	1	BCL11B (OncoKB cancer gene)	-	NULL	BCL11B: 1.0%	Tier 3 (cBioPortal mutated)	FALSE	FALSE	TRUE
B2_S04	0.4552	0.54294362241153	20	14	102000001	105000000	3	chr14:102-105Mb	0.134870345897505	3	GAIN	3	GAIN	14q	NEUTRAL	Focal (arm neutral)	AKT1	1	AKT1 (OncoKB cancer gene)	-	NULL	AKT1: 0.8%	Tier 3 (cBioPortal mutated)	FALSE	FALSE	TRUE
B2_S04	0.4552	0.54294362241153	20	15	25000001	101000000	76	chr15:25-101Mb	-0.478644376410772	1	HETD	1	HETD	15q	LOSS	YES	B2M, IDH2, IGF1R	3	B2M (Immune evasion); IDH2 (Epigenetic regulator); IGF1R (OncoKB cancer gene)	-; 15q26.1; 15q26.3	NULL; IDH2: HOMDEL 0.8%; IGF1R: HOMDEL 0.8%	NULL; IDH2: 11.4%; IGF1R: 1.5%	Tier 1 (PTCL gene)	TRUE	TRUE	TRUE
B2_S04	0.4552	0.54294362241153	20	16	47000001	90000000	43	chr16:47-90Mb	-0.489365043259618	1	HETD	1	HETD	16q	LOSS	YES	CDH1, FANCA, PLCG2	3	CDH1 (OncoKB cancer gene); FANCA (OncoKB cancer gene); PLCG2 (OncoKB cancer gene)	-	NULL; NULL; NULL	CDH1: 0.8%; FANCA: 1.5%; PLCG2: 0.8%	Tier 3 (cBioPortal mutated)	FALSE	FALSE	TRUE
B2_S04	0.4552	0.54294362241153	20	17	1000001	18000000	17	chr17:1-18Mb	-0.514014930728247	1	HETD	1	HETD	17p	LOSS	YES	ALOX12B, AURKB, FLCN, NCOR1, TP53	5	ALOX12B (OncoKB cancer gene); AURKB (OncoKB cancer gene); FLCN (OncoKB cancer gene); NCOR1 (OncoKB cancer gene); TP53 (Tumour suppressor)	17p13.1; 17p11.2; 17p12-p11.2	ALOX12B: HOMDEL 0.8%; AURKB: HOMDEL 0.8%; FLCN: HOMDEL 0.8%; NCOR1: HOMDEL 0.8%; TP53: HOMDEL 2.3%	ALOX12B: 0.8%; NULL; NULL; NCOR1: 1.5%; TP53: 15.9%	Tier 1 (PTCL gene)	TRUE	TRUE	TRUE
B2_S04	0.4552	0.54294362241153	20	17	28000001	43000000	15	chr17:28-43Mb	0.419149075619552	4	AMP	4	AMP	17q	NEUTRAL	Focal (arm neutral)	CDK12, ERBB2, IKZF3, NF1, RARA, STAT3, STAT5B	7	CDK12 (OncoKB cancer gene); ERBB2 (OncoKB cancer gene); IKZF3 (OncoKB cancer gene); NF1 (OncoKB cancer gene); RARA (OncoKB cancer gene); STAT3 (JAK-STAT); STAT5B (JAK-STAT)	-; 17q12; 17q12-q21.1	NULL; ERBB2: HOMDEL 0.8%; IKZF3: AMP 1.0%; NULL; NULL; NULL; NULL	CDK12: 2.3%; NULL; IKZF3: 1.0%; NF1: 1.5%; RARA: 3.1%; STAT3: 7.6%; STAT5B: 3.8%	Tier 1 (PTCL gene)	TRUE	TRUE	TRUE
B2_S04	0.4552	0.54294362241153	20	17	44000001	57000000	13	chr17:44-57Mb	0.206749740919716	3	GAIN	3	GAIN	17q	NEUTRAL	Focal (arm neutral)	none	0	-	-	-	-	No known cancer gene	FALSE	FALSE	FALSE
B2_S04	0.4552	0.54294362241153	20	18	1000001	14000000	13	chr18:1-14Mb	-0.485303856719516	1	HETD	1	HETD	18p	LOSS	YES	PTPN2	1	PTPN2 (OncoKB cancer gene)	-	NULL	PTPN2: 1.0%	Tier 3 (cBioPortal mutated)	FALSE	FALSE	TRUE
B2_S04	0.4552	0.54294362241153	20	18	42000001	52000000	10	chr18:42-52Mb	0.123460070819114	3	GAIN	3	GAIN	18q	NEUTRAL	Focal (arm neutral)	PIK3C3, SETBP1	2	PIK3C3 (OncoKB cancer gene); SETBP1 (OncoKB cancer gene)	-	NULL; NULL	PIK3C3: 1.5%; SETBP1: 1.0%	Tier 3 (cBioPortal mutated)	FALSE	FALSE	TRUE
B2_S04	0.4552	0.54294362241153	20	19	1000001	7000000	6	chr19:1-7Mb	-0.457869567821971	1	HETD	1	HETD	19p	NEUTRAL	Focal (arm neutral)	DOT1L, GNA11, PTPRS, STK11, VAV1	5	DOT1L (OncoKB cancer gene); GNA11 (OncoKB cancer gene); PTPRS (OncoKB cancer gene); STK11 (OncoKB cancer gene); VAV1 (TCR / GTPase signalling)	19p13.3; -	DOT1L: HOMDEL 0.8%; GNA11: HOMDEL 0.8%; NULL; STK11: HOMDEL 0.8%; VAV1: AMP 1.0%	DOT1L: 0.8%; NULL; PTPRS: 3.4%; NULL; VAV1: 4.9%	Tier 1 (PTCL gene)	TRUE	TRUE	TRUE
B2_S04	0.4552	0.54294362241153	20	20	1000001	25000000	24	chr20:1-25Mb	0.430390555378159	4	AMP	4	AMP	20p	GAIN	YES	PAK5	1	PAK5 (OncoKB cancer gene)	-	NULL	PAK5: 1.5%	Tier 3 (cBioPortal mutated)	FALSE	FALSE	TRUE
B2_S04	0.4552	0.54294362241153	20	20	46000001	54000000	8	chr20:46-54Mb	0.145214469340678	3	GAIN	3	GAIN	20q	NEUTRAL	Focal (arm neutral)	NCOA3, PTPN1	2	NCOA3 (OncoKB cancer gene); PTPN1 (OncoKB cancer gene)	-	NULL; NULL	NCOA3: 3.4%; PTPN1: 2.0%	Tier 3 (cBioPortal mutated)	FALSE	FALSE	TRUE
B2_S04	0.4552	0.54294362241153	20	21	14000001	46000000	32	chr21:14-46Mb	0.218064798125408	3	GAIN	3	GAIN	21q	GAIN	YES	ERG, RUNX1, SETD4, U2AF1	4	ERG (OncoKB cancer gene); RUNX1 (OncoKB cancer gene); SETD4 (OncoKB cancer gene); U2AF1 (OncoKB cancer gene)	21q22.2; 21q22.12; 21q22.3	ERG: AMP 0.8%; RUNX1: AMP 0.8%; SETD4: AMP 1.0%; U2AF1: AMP 0.8%	ERG: 0.8%; NULL; NULL; NULL	Tier 2 (cBioPortal CNA)	FALSE	TRUE	TRUE
B2_S05	0.5769	0.311784260216743	12	1	1000001	23000000	22	chr1:1-23Mb	0.0682337046538845	3	GAIN	3	GAIN	1p	NEUTRAL	Focal (arm neutral)	MTOR, SPEN	2	MTOR (OncoKB cancer gene); SPEN (OncoKB cancer gene)	-	NULL; NULL	MTOR: 0.8%; SPEN: 0.8%	Tier 3 (cBioPortal mutated)	FALSE	FALSE	TRUE
B2_S05	0.5769	0.311784260216743	12	1	76000001	79000000	3	chr1:76-79Mb	-0.494440444413466	1	HETD	1	HETD	1p	NEUTRAL	Focal (arm neutral)	none	0	-	-	-	-	No known cancer gene	FALSE	FALSE	FALSE
B2_S05	0.5769	0.311784260216743	12	1	115000001	120000000	5	chr1:115-120Mb	-0.490223446808947	1	HETD	1	HETD	1p	NEUTRAL	Focal (arm neutral)	CD58, NOTCH2	2	CD58 (Immune evasion); NOTCH2 (OncoKB cancer gene)	-	NULL; NULL	CD58: 2.0%; NOTCH2: 0.8%	Tier 1 (PTCL gene)	TRUE	FALSE	TRUE
B2_S05	0.5769	0.311784260216743	12	1	164000001	248000000	84	chr1:164-248Mb	0.364710420946648	3	GAIN	3	GAIN	1q	GAIN	YES	AKT3, CDC73, H3-4, PARP1	4	AKT3 (OncoKB cancer gene); CDC73 (OncoKB cancer gene); H3-4 (OncoKB cancer gene); PARP1 (OncoKB cancer gene)	1q43-q44; -	AKT3: HOMDEL 0.8%; NULL; NULL; NULL	NULL; CDC73: 1.5%; H3-4: 3.4%; PARP1: 0.8%	Tier 2 (cBioPortal CNA)	FALSE	TRUE	TRUE
B2_S05	0.5769	0.311784260216743	12	2	55000001	61000000	6	chr2:55-61Mb	0.4069251205381	3	GAIN	3	GAIN	2p	NEUTRAL	Focal (arm neutral)	REL	1	REL (OncoKB cancer gene)	2p16.1	REL: AMP 0.8%	NULL	Tier 2 (cBioPortal CNA)	FALSE	TRUE	FALSE
B2_S05	0.5769	0.311784260216743	12	3	1000001	103000000	102	chr3:1-103Mb	0.355119384314818	3	GAIN	3	GAIN	3p	GAIN	YES	BAP1, CCR4, CTNNB1, EPHA3, MITF, MLH1, PBRM1, RHOA, ROBO1, SETD2, SETD5, TGFBR2	12	BAP1 (OncoKB cancer gene); CCR4 (Subtype-specific — ATLL); CTNNB1 (OncoKB cancer gene); EPHA3 (OncoKB cancer gene); MITF (OncoKB cancer gene); MLH1 (OncoKB cancer gene); PBRM1 (OncoKB cancer gene); RHOA (TCR / GTPase signalling); ROBO1 (OncoKB cancer gene); SETD2 (Epigenetic regulator); SETD5 (OncoKB cancer gene); TGFBR2 (OncoKB cancer gene)	3p21.1; -; 3p21.31; 3p12.3	BAP1: HOMDEL 0.8%; NULL; NULL; NULL; NULL; NULL; PBRM1: HOMDEL 0.8%; RHOA: HOMDEL 0.8%; ROBO1: HOMDEL 1.0%; SETD2: HOMDEL 0.8%; NULL; NULL	NULL; NULL; CTNNB1: 0.8%; EPHA3: 3.1%; MITF: 2.3%; MLH1: 0.8%; PBRM1: 1.5%; RHOA: 30.5%; ROBO1: 3.9%; SETD2: 6.1%; SETD5: 1.0%; TGFBR2: 0.8%	Tier 1 (PTCL gene)	TRUE	TRUE	TRUE
B2_S05	0.5769	0.311784260216743	12	3	103000001	166000000	63	chr3:103-166Mb	-0.49032587815685	1	HETD	1	HETD	3q	LOSS	YES	ATR, EPHB1, FOXL2, STAG1	4	ATR (OncoKB cancer gene); EPHB1 (OncoKB cancer gene); FOXL2 (OncoKB cancer gene); STAG1 (OncoKB cancer gene)	-	NULL; NULL; NULL; NULL	ATR: 0.8%; EPHB1: 1.5%; FOXL2: 0.8%; STAG1: 1.0%	Tier 3 (cBioPortal mutated)	FALSE	FALSE	TRUE
B2_S05	0.5769	0.311784260216743	12	3	166000001	198000000	32	chr3:166-198Mb	0.35231478515533	3	GAIN	3	GAIN	3q	LOSS	Discordant	BCL6, SOX2, TBL1XR1, TP63	4	BCL6 (Transcription factor); SOX2 (OncoKB cancer gene); TBL1XR1 (Transcription / signalling); TP63 (Subtype-specific — ALK- ALCL)	3q27.3; -	BCL6: HOMDEL 1.5%; NULL; NULL; NULL	NULL; SOX2: 0.8%; TBL1XR1: 2.0%; NULL	Tier 1 (PTCL gene)	TRUE	TRUE	TRUE
B2_S05	0.5769	0.311784260216743	12	4	177000001	189000000	12	chr4:177-189Mb	-0.06900554650076	1	HETD	1	HETD	4q	NEUTRAL	Focal (arm neutral)	FAT1	1	FAT1 (Tumour suppressor)	-	NULL	FAT1: 7.6%	Tier 1 (PTCL gene)	TRUE	FALSE	TRUE
B2_S05	0.5769	0.311784260216743	12	5	32000001	103000000	71	chr5:32-103Mb	0.104684837556985	3	GAIN	3	GAIN	5q	NEUTRAL	Focal (arm neutral)	ARHGEF28, MAP3K1, PIK3R1, RICTOR	4	ARHGEF28 (OncoKB cancer gene); MAP3K1 (OncoKB cancer gene); PIK3R1 (OncoKB cancer gene); RICTOR (OncoKB cancer gene)	-	NULL; NULL; NULL; NULL	ARHGEF28: 2.0%; MAP3K1: 1.5%; PIK3R1: 0.8%; RICTOR: 0.8%	Tier 3 (cBioPortal mutated)	FALSE	FALSE	TRUE
B2_S05	0.5769	0.311784260216743	12	5	103000001	126000000	23	chr5:103-126Mb	-0.480586243935809	1	HETD	1	HETD	5q	NEUTRAL	Focal (arm neutral)	APC	1	APC (OncoKB cancer gene)	-	NULL	APC: 0.8%	Tier 3 (cBioPortal mutated)	FALSE	FALSE	TRUE
B2_S05	0.5769	0.311784260216743	12	6	1000001	34000000	33	chr6:1-34Mb	-0.0633069010892485	1	HETD	1	HETD	6p	LOSS	YES	DAXX, H1-2, H1-3, H1-4, H2AC6, H2BC5, H3C2, HLA-A, LTB, NOTCH4	10	DAXX (OncoKB cancer gene); H1-2 (OncoKB cancer gene); H1-3 (OncoKB cancer gene); H1-4 (OncoKB cancer gene); H2AC6 (OncoKB cancer gene); H2BC5 (OncoKB cancer gene); H3C2 (OncoKB cancer gene); HLA-A (Immune evasion); LTB (OncoKB cancer gene); NOTCH4 (OncoKB cancer gene)	6p21.32; -; 6p21.33	DAXX: HOMDEL 0.8%; NULL; NULL; NULL; NULL; NULL; NULL; NULL; LTB: HOMDEL 1.0%; NOTCH4: HOMDEL 0.8%	NULL; H1-2: 0.8%; H1-3: 1.0%; H1-4: 1.0%; H2AC6: 1.0%; H2BC5: 0.8%; H3C2: 0.8%; HLA-A: 3.1%; NULL; NOTCH4: 0.8%	Tier 1 (PTCL gene)	TRUE	TRUE	TRUE
B2_S05	0.5769	0.311784260216743	12	6	68000001	118000000	50	chr6:68-118Mb	-0.534899384140156	1	HETD	1	HETD	6q	LOSS	YES	BACH2, EPHA7, FOXO3, FYN, PRDM1, ROS1	6	BACH2 (Transcription factor); EPHA7 (OncoKB cancer gene); FOXO3 (Tumour suppressor); FYN (TCR / kinase signalling); PRDM1 (Tumour suppressor); ROS1 (OncoKB cancer gene)	6q15; 6q16.1; -	BACH2: AMP 1.0%; EPHA7: HOMDEL 0.8%; NULL; NULL; NULL; NULL	NULL; EPHA7: 2.3%; NULL; FYN: 0.8%; PRDM1: 1.5%; ROS1: 1.5%	Tier 1 (PTCL gene)	TRUE	TRUE	TRUE
B2_S05	0.5769	0.311784260216743	12	6	147000001	170000000	23	chr6:147-170Mb	-0.0500514190535608	1	HETD	1	HETD	6q	LOSS	YES	ARID1B, ESR1	2	ARID1B (OncoKB cancer gene); ESR1 (OncoKB cancer gene)	-; 6q25.1-q25.2	NULL; ESR1: HOMDEL 0.8%	ARID1B: 0.8%; ESR1: 0.8%	Tier 2 (cBioPortal CNA)	FALSE	TRUE	TRUE
B2_S05	0.5769	0.311784260216743	12	8	1000001	72000000	71	chr8:1-72Mb	0.361654792850045	3	GAIN	3	GAIN	8p	GAIN	YES	none	0	-	-	-	-	No known cancer gene	FALSE	FALSE	FALSE
B2_S05	0.5769	0.311784260216743	12	10	1000001	37000000	36	chr10:1-37Mb	-0.0456915946399943	1	HETD	1	HETD	10p	LOSS	YES	GATA3	1	GATA3 (Transcription factor)	10p14	GATA3: AMP 0.8%	GATA3: 0.8%	Tier 1 (PTCL gene)	TRUE	TRUE	TRUE
B2_S05	0.5769	0.311784260216743	12	14	92000001	105000000	13	chr14:92-105Mb	0.0637296107362291	3	GAIN	3	GAIN	14q	NEUTRAL	Focal (arm neutral)	AKT1, BCL11B	2	AKT1 (OncoKB cancer gene); BCL11B (OncoKB cancer gene)	-	NULL; NULL	AKT1: 0.8%; BCL11B: 1.0%	Tier 3 (cBioPortal mutated)	FALSE	FALSE	TRUE
B2_S05	0.5769	0.311784260216743	12	15	25000001	101000000	76	chr15:25-101Mb	-0.0454925027243517	1	HETD	1	HETD	15q	LOSS	YES	B2M, IDH2, IGF1R	3	B2M (Immune evasion); IDH2 (Epigenetic regulator); IGF1R (OncoKB cancer gene)	-; 15q26.1; 15q26.3	NULL; IDH2: HOMDEL 0.8%; IGF1R: HOMDEL 0.8%	NULL; IDH2: 11.4%; IGF1R: 1.5%	Tier 1 (PTCL gene)	TRUE	TRUE	TRUE
B2_S05	0.5769	0.311784260216743	12	19	1000001	58000000	57	chr19:1-58Mb	-0.107247063949604	1	HETD	1	HETD	19q	LOSS	YES	AXL, BRD4, CALR, CD79A, CIC, DOT1L, ERCC2, GNA11, JAK3, KEAP1, NOTCH3, PIK3R2, PPP2R1A, PTPRS, SMARCA4, STK11, VAV1	17	AXL (OncoKB cancer gene); BRD4 (OncoKB cancer gene); CALR (OncoKB cancer gene); CD79A (OncoKB cancer gene); CIC (OncoKB cancer gene); DOT1L (OncoKB cancer gene); ERCC2 (OncoKB cancer gene); GNA11 (OncoKB cancer gene); JAK3 (JAK-STAT); KEAP1 (OncoKB cancer gene); NOTCH3 (Signalling); PIK3R2 (OncoKB cancer gene); PPP2R1A (OncoKB cancer gene); PTPRS (OncoKB cancer gene); SMARCA4 (OncoKB cancer gene); STK11 (OncoKB cancer gene); VAV1 (TCR / GTPase signalling)	-; 19q13.2; 19p13.3; 19p13.2	NULL; NULL; NULL; NULL; CIC: HOMDEL 0.8%; DOT1L: HOMDEL 0.8%; NULL; GNA11: HOMDEL 0.8%; NULL; NULL; NULL; NULL; NULL; NULL; SMARCA4: HOMDEL 0.8%; STK11: HOMDEL 0.8%; VAV1: AMP 1.0%	AXL: 0.8%; BRD4: 1.5%; CALR: 0.8%; CD79A: 0.8%; CIC: 1.5%; DOT1L: 0.8%; ERCC2: 3.4%; NULL; JAK3: 3.0%; KEAP1: 0.8%; NOTCH3: 2.3%; PIK3R2: 1.5%; PPP2R1A: 0.8%; PTPRS: 3.4%; SMARCA4: 0.8%; NULL; VAV1: 4.9%	Tier 1 (PTCL gene)	TRUE	TRUE	TRUE
B2_S05	0.5769	0.311784260216743	12	21	14000001	46000000	32	chr21:14-46Mb	-0.0618353521475419	1	HETD	1	HETD	21q	LOSS	YES	ERG, RUNX1, SETD4, U2AF1	4	ERG (OncoKB cancer gene); RUNX1 (OncoKB cancer gene); SETD4 (OncoKB cancer gene); U2AF1 (OncoKB cancer gene)	21q22.2; 21q22.12; 21q22.3	ERG: AMP 0.8%; RUNX1: AMP 0.8%; SETD4: AMP 1.0%; U2AF1: AMP 0.8%	ERG: 0.8%; NULL; NULL; NULL	Tier 2 (cBioPortal CNA)	FALSE	TRUE	TRUE
B2_S05	0.5769	0.311784260216743	12	22	19000001	49000000	30	chr22:19-49Mb	0.0524405220412728	3	GAIN	3	GAIN	22q	GAIN	YES	CHEK2, EP300, MAPK1, NF2, XBP1	5	CHEK2 (OncoKB cancer gene); EP300 (Epigenetic regulator); MAPK1 (OncoKB cancer gene); NF2 (OncoKB cancer gene); XBP1 (OncoKB cancer gene)	22q12.1; 22q13.2; -; 22q12.2	CHEK2: HOMDEL 0.8%; EP300: AMP 0.8%; NULL; NF2: AMP 0.8%; XBP1: HOMDEL 1.0%	NULL; EP300: 2.3%; MAPK1: 0.8%; NULL; NULL	Tier 1 (PTCL gene)	TRUE	TRUE	TRUE
B2_S06	0.5066	0.0991615007576373	4	1	27000001	38000000	11	chr1:27-38Mb	-0.178630171877749	1	HETD	1	HETD	1p	NEUTRAL	Focal (arm neutral)	LCK, YTHDF2	2	LCK (TCR signalling); YTHDF2 (Epigenetic regulator)	-	NULL; NULL	LCK: 2.0%; NULL	Tier 1 (PTCL gene)	TRUE	FALSE	TRUE
B2_S06	0.5066	0.0991615007576373	4	4	175000001	189000000	14	chr4:175-189Mb	-0.0869469020292551	1	HETD	1	HETD	4q	NEUTRAL	Focal (arm neutral)	FAT1	1	FAT1 (Tumour suppressor)	-	NULL	FAT1: 7.6%	Tier 1 (PTCL gene)	TRUE	FALSE	TRUE
B2_S06	0.5066	0.0991615007576373	4	5	1000001	181000000	180	chr5:1-181Mb	0.326982502932361	3	GAIN	3	GAIN	5q	GAIN	YES	APC, ARHGEF28, FGFR4, FLT4, MAP3K1, NSD1, PDGFRB, PIK3R1, RAD50, RICTOR, TERT	11	APC (OncoKB cancer gene); ARHGEF28 (OncoKB cancer gene); FGFR4 (OncoKB cancer gene); FLT4 (OncoKB cancer gene); MAP3K1 (OncoKB cancer gene); NSD1 (OncoKB cancer gene); PDGFRB (OncoKB cancer gene); PIK3R1 (OncoKB cancer gene); RAD50 (OncoKB cancer gene); RICTOR (OncoKB cancer gene); TERT (Telomere maintenance)	-	NULL; NULL; NULL; NULL; NULL; NULL; NULL; NULL; NULL; NULL; NULL	APC: 0.8%; ARHGEF28: 2.0%; FGFR4: 1.5%; FLT4: 0.8%; MAP3K1: 1.5%; NSD1: 0.8%; PDGFRB: 0.8%; PIK3R1: 0.8%; RAD50: 0.8%; RICTOR: 0.8%; TERT: 2.3%	Tier 1 (PTCL gene)	TRUE	FALSE	TRUE
B2_S06	0.5066	0.0991615007576373	4	8	1000001	6000000	5	chr8:1-6Mb	-0.135558511432009	1	HETD	1	HETD	8p	NEUTRAL	Focal (arm neutral)	none	0	-	-	-	-	No known cancer gene	FALSE	FALSE	FALSE
B2_S06	0.5066	0.0991615007576373	4	21	14000001	46000000	32	chr21:14-46Mb	0.0665861469171892	3	GAIN	3	GAIN	21q	GAIN	YES	ERG, RUNX1, SETD4, U2AF1	4	ERG (OncoKB cancer gene); RUNX1 (OncoKB cancer gene); SETD4 (OncoKB cancer gene); U2AF1 (OncoKB cancer gene)	21q22.2; 21q22.12; 21q22.3	ERG: AMP 0.8%; RUNX1: AMP 0.8%; SETD4: AMP 1.0%; U2AF1: AMP 0.8%	ERG: 0.8%; NULL; NULL; NULL	Tier 2 (cBioPortal CNA)	FALSE	TRUE	TRUE
B2_S06	0.5066	0.0991615007576373	4	22	19000001	49000000	30	chr22:19-49Mb	0.137813443780918	3	GAIN	3	GAIN	22q	GAIN	YES	CHEK2, EP300, MAPK1, NF2, XBP1	5	CHEK2 (OncoKB cancer gene); EP300 (Epigenetic regulator); MAPK1 (OncoKB cancer gene); NF2 (OncoKB cancer gene); XBP1 (OncoKB cancer gene)	22q12.1; 22q13.2; -; 22q12.2	CHEK2: HOMDEL 0.8%; EP300: AMP 0.8%; NULL; NF2: AMP 0.8%; XBP1: HOMDEL 1.0%	NULL; EP300: 2.3%; MAPK1: 0.8%; NULL; NULL	Tier 1 (PTCL gene)	TRUE	TRUE	TRUE
B2_S07	0.2236	0.298161761073205	12	1	1000001	23000000	22	chr1:1-23Mb	0.0734735730423932	3	GAIN	3	GAIN	1p	NEUTRAL	Focal (arm neutral)	MTOR, SPEN	2	MTOR (OncoKB cancer gene); SPEN (OncoKB cancer gene)	-	NULL; NULL	MTOR: 0.8%; SPEN: 0.8%	Tier 3 (cBioPortal mutated)	FALSE	FALSE	TRUE
B2_S07	0.2236	0.298161761073205	12	1	23000001	36000000	13	chr1:23-36Mb	-0.104188550462919	1	HETD	1	HETD	1p	NEUTRAL	Focal (arm neutral)	ARID1A, LCK, YTHDF2	3	ARID1A (Chromatin remodelling); LCK (TCR signalling); YTHDF2 (Epigenetic regulator)	-	NULL; NULL; NULL	ARID1A: 0.8%; LCK: 2.0%; NULL	Tier 1 (PTCL gene)	TRUE	FALSE	TRUE
B2_S07	0.2236	0.298161761073205	12	1	151000001	248000000	97	chr1:151-248Mb	0.28830817697125	4	AMP	4	AMP	1q	GAIN	YES	AKT3, CDC73, H3-4, NTRK1, PARP1, RIT1	6	AKT3 (OncoKB cancer gene); CDC73 (OncoKB cancer gene); H3-4 (OncoKB cancer gene); NTRK1 (OncoKB cancer gene); PARP1 (OncoKB cancer gene); RIT1 (OncoKB cancer gene)	1q43-q44; -; 1q23.1	AKT3: HOMDEL 0.8%; NULL; NULL; NTRK1: AMP 0.8%; NULL; NULL	NULL; CDC73: 1.5%; H3-4: 3.4%; NULL; PARP1: 0.8%; RIT1: 3.4%	Tier 2 (cBioPortal CNA)	FALSE	TRUE	TRUE
B2_S07	0.2236	0.298161761073205	12	3	167000001	187000000	20	chr3:167-187Mb	0.290951194286159	4	AMP	4	AMP	3q	NEUTRAL	Focal (arm neutral)	SOX2, TBL1XR1	2	SOX2 (OncoKB cancer gene); TBL1XR1 (Transcription / signalling)	-	NULL; NULL	SOX2: 0.8%; TBL1XR1: 2.0%	Tier 1 (PTCL gene)	TRUE	FALSE	TRUE
B2_S07	0.2236	0.298161761073205	12	3	187000001	198000000	11	chr3:187-198Mb	-0.388162871531339	1	HETD	1	HETD	3q	NEUTRAL	Focal (arm neutral)	BCL6, TP63	2	BCL6 (Transcription factor); TP63 (Subtype-specific — ALK- ALCL)	3q27.3; -	BCL6: HOMDEL 1.5%; NULL	NULL; NULL	Tier 1 (PTCL gene)	TRUE	TRUE	FALSE
B2_S07	0.2236	0.298161761073205	12	5	169000001	181000000	12	chr5:169-181Mb	0.294159748057096	4	AMP	4	AMP	5q	NEUTRAL	Focal (arm neutral)	FGFR4, FLT4, NSD1	3	FGFR4 (OncoKB cancer gene); FLT4 (OncoKB cancer gene); NSD1 (OncoKB cancer gene)	-	NULL; NULL; NULL	FGFR4: 1.5%; FLT4: 0.8%; NSD1: 0.8%	Tier 3 (cBioPortal mutated)	FALSE	FALSE	TRUE
B2_S07	0.2236	0.298161761073205	12	6	1000001	30000000	29	chr6:1-30Mb	0.360000021638146	5	HLAMP	5	HLAMP	6p	GAIN	YES	H1-2, H1-3, H1-4, H2AC6, H2BC5, H3C2, HLA-A	7	H1-2 (OncoKB cancer gene); H1-3 (OncoKB cancer gene); H1-4 (OncoKB cancer gene); H2AC6 (OncoKB cancer gene); H2BC5 (OncoKB cancer gene); H3C2 (OncoKB cancer gene); HLA-A (Immune evasion)	-	NULL; NULL; NULL; NULL; NULL; NULL; NULL	H1-2: 0.8%; H1-3: 1.0%; H1-4: 1.0%; H2AC6: 1.0%; H2BC5: 0.8%; H3C2: 0.8%; HLA-A: 3.1%	Tier 1 (PTCL gene)	TRUE	FALSE	TRUE
B2_S07	0.2236	0.298161761073205	12	7	1000001	5000000	4	chr7:1-5Mb	-0.344211167110657	1	HETD	1	HETD	7p	NEUTRAL	Focal (arm neutral)	CARD11	1	CARD11 (TCR / NF-kB)	-	NULL	CARD11: 2.3%	Tier 1 (PTCL gene)	TRUE	FALSE	TRUE
B2_S07	0.2236	0.298161761073205	12	8	1000001	80000000	79	chr8:1-80Mb	0.0337330954460659	3	GAIN	3	GAIN	8p	GAIN	YES	none	0	-	-	-	-	No known cancer gene	FALSE	FALSE	FALSE
B2_S07	0.2236	0.298161761073205	12	8	80000001	95000000	15	chr8:80-95Mb	-0.337732023682025	1	HETD	1	HETD	8q	GAIN	Discordant	RUNX1T1	1	RUNX1T1 (OncoKB cancer gene)	8q21.3	RUNX1T1: HOMDEL 1.0%	RUNX1T1: 1.0%	Tier 2 (cBioPortal CNA)	FALSE	TRUE	TRUE
B2_S07	0.2236	0.298161761073205	12	8	95000001	145000000	50	chr8:95-145Mb	0.0403680499391139	3	GAIN	3	GAIN	8q	GAIN	YES	MYC, RAD21, UBR5	3	MYC (Oncogene / CNA); RAD21 (OncoKB cancer gene); UBR5 (OncoKB cancer gene)	-	NULL; NULL; NULL	NULL; RAD21: 0.8%; UBR5: 1.0%	Tier 1 (PTCL gene)	TRUE	FALSE	TRUE
B2_S07	0.2236	0.298161761073205	12	9	1000001	17000000	16	chr9:1-17Mb	0.291790842799956	4	AMP	4	AMP	9p	NEUTRAL	Focal (arm neutral)	CD274	1	CD274 (Immune evasion)	-	NULL	CD274: 0.8%	Tier 1 (PTCL gene)	TRUE	FALSE	TRUE
B2_S07	0.2236	0.298161761073205	12	9	37000001	138000000	101	chr9:37-138Mb	-0.184400952041305	1	HETD	1	HETD	9q	LOSS	YES	ABL1, FANCC, GNAQ, NOTCH1, NTRK2, PAX5, PTCH1, SYK	8	ABL1 (OncoKB cancer gene); FANCC (OncoKB cancer gene); GNAQ (OncoKB cancer gene); NOTCH1 (Signalling); NTRK2 (OncoKB cancer gene); PAX5 (OncoKB cancer gene); PTCH1 (OncoKB cancer gene); SYK (TCR signalling)	-; 9q22.32; 9q21.2; 9q21.33; 9q22.2	NULL; FANCC: HOMDEL 0.8%; GNAQ: HOMDEL 0.8%; NULL; NTRK2: HOMDEL 0.8%; NULL; PTCH1: HOMDEL 0.8%; SYK: HOMDEL 0.8%	ABL1: 0.8%; NULL; NULL; NOTCH1: 2.3%; NTRK2: 0.8%; PAX5: 0.8%; PTCH1: 0.8%; NULL	Tier 1 (PTCL gene)	TRUE	TRUE	TRUE
B2_S07	0.2236	0.298161761073205	12	11	1000001	12000000	11	chr11:1-12Mb	0.30195607205806	4	AMP	4	AMP	11p	NEUTRAL	Focal (arm neutral)	none	0	-	-	-	-	No known cancer gene	FALSE	FALSE	FALSE
B2_S07	0.2236	0.298161761073205	12	11	76000001	135000000	59	chr11:76-135Mb	0.308505907543696	4	AMP	4	AMP	11q	GAIN	YES	ATM, BIRC3, CHEK1, MRE11	4	ATM (DNA damage response); BIRC3 (OncoKB cancer gene); CHEK1 (OncoKB cancer gene); MRE11 (OncoKB cancer gene)	11q22.3; -	ATM: HOMDEL 0.8%; NULL; NULL; NULL	ATM: 2.3%; BIRC3: 0.8%; CHEK1: 0.8%; MRE11: 0.8%	Tier 1 (PTCL gene)	TRUE	TRUE	TRUE
B2_S07	0.2236	0.298161761073205	12	12	1000001	24000000	23	chr12:1-24Mb	0.320418240496316	4	AMP	4	AMP	12p	GAIN	YES	ETV6, PIK3C2G	2	ETV6 (OncoKB cancer gene); PIK3C2G (OncoKB cancer gene)	-	NULL; NULL	ETV6: 0.8%; PIK3C2G: 3.1%	Tier 3 (cBioPortal mutated)	FALSE	FALSE	TRUE
B2_S07	0.2236	0.298161761073205	12	12	24000001	28000000	4	chr12:24-28Mb	-0.353275620052562	1	HETD	1	HETD	12p	GAIN	Discordant	KRAS	1	KRAS (OncoKB cancer gene)	-	NULL	KRAS: 1.5%	Tier 3 (cBioPortal mutated)	FALSE	FALSE	TRUE
B2_S07	0.2236	0.298161761073205	12	12	45000001	82000000	37	chr12:45-82Mb	0.288948733569405	4	AMP	4	AMP	12q	NEUTRAL	Focal (arm neutral)	ARID2, ERBB3, KMT2D	3	ARID2 (Chromatin remodelling); ERBB3 (OncoKB cancer gene); KMT2D (Epigenetic regulator)	-	NULL; NULL; NULL	ARID2: 3.1%; ERBB3: 0.8%; KMT2D: 4.6%	Tier 1 (PTCL gene)	TRUE	FALSE	TRUE
B2_S07	0.2236	0.298161761073205	12	15	66000001	84000000	18	chr15:66-84Mb	0.315264933810261	4	AMP	4	AMP	15q	NEUTRAL	Focal (arm neutral)	none	0	-	-	-	-	No known cancer gene	FALSE	FALSE	FALSE
B2_S07	0.2236	0.298161761073205	12	16	47000001	90000000	43	chr16:47-90Mb	-0.166005147574929	1	HETD	1	HETD	16q	LOSS	YES	CDH1, FANCA, PLCG2	3	CDH1 (OncoKB cancer gene); FANCA (OncoKB cancer gene); PLCG2 (OncoKB cancer gene)	-	NULL; NULL; NULL	CDH1: 0.8%; FANCA: 1.5%; PLCG2: 0.8%	Tier 3 (cBioPortal mutated)	FALSE	FALSE	TRUE
B2_S07	0.2236	0.298161761073205	12	18	53000001	80000000	27	chr18:53-80Mb	0.277518260760442	4	AMP	4	AMP	18q	NEUTRAL	Focal (arm neutral)	BCL2	1	BCL2 (Oncogene / CNA)	-	NULL	NULL	Tier 1 (PTCL gene)	TRUE	FALSE	FALSE
B2_S07	0.2236	0.298161761073205	12	19	1000001	58000000	57	chr19:1-58Mb	0.0351195253803601	3	GAIN	3	GAIN	19q	GAIN	YES	AXL, BRD4, CALR, CD79A, CIC, DOT1L, ERCC2, GNA11, JAK3, KEAP1, NOTCH3, PIK3R2, PPP2R1A, PTPRS, SMARCA4, STK11, VAV1	17	AXL (OncoKB cancer gene); BRD4 (OncoKB cancer gene); CALR (OncoKB cancer gene); CD79A (OncoKB cancer gene); CIC (OncoKB cancer gene); DOT1L (OncoKB cancer gene); ERCC2 (OncoKB cancer gene); GNA11 (OncoKB cancer gene); JAK3 (JAK-STAT); KEAP1 (OncoKB cancer gene); NOTCH3 (Signalling); PIK3R2 (OncoKB cancer gene); PPP2R1A (OncoKB cancer gene); PTPRS (OncoKB cancer gene); SMARCA4 (OncoKB cancer gene); STK11 (OncoKB cancer gene); VAV1 (TCR / GTPase signalling)	-; 19q13.2; 19p13.3; 19p13.2	NULL; NULL; NULL; NULL; CIC: HOMDEL 0.8%; DOT1L: HOMDEL 0.8%; NULL; GNA11: HOMDEL 0.8%; NULL; NULL; NULL; NULL; NULL; NULL; SMARCA4: HOMDEL 0.8%; STK11: HOMDEL 0.8%; VAV1: AMP 1.0%	AXL: 0.8%; BRD4: 1.5%; CALR: 0.8%; CD79A: 0.8%; CIC: 1.5%; DOT1L: 0.8%; ERCC2: 3.4%; NULL; JAK3: 3.0%; KEAP1: 0.8%; NOTCH3: 2.3%; PIK3R2: 1.5%; PPP2R1A: 0.8%; PTPRS: 3.4%; SMARCA4: 0.8%; NULL; VAV1: 4.9%	Tier 1 (PTCL gene)	TRUE	TRUE	TRUE
B2_S07	0.2236	0.298161761073205	12	20	1000001	64000000	63	chr20:1-64Mb	0.0507915216095369	3	GAIN	3	GAIN	20q	GAIN	YES	ASXL1, AURKA, GNAS, NCOA3, PAK5, PLCG1, PTPN1, PTPRT, SRC	9	ASXL1 (OncoKB cancer gene); AURKA (OncoKB cancer gene); GNAS (OncoKB cancer gene); NCOA3 (OncoKB cancer gene); PAK5 (OncoKB cancer gene); PLCG1 (TCR signalling); PTPN1 (OncoKB cancer gene); PTPRT (OncoKB cancer gene); SRC (OncoKB cancer gene)	-; 20q11.23	NULL; NULL; NULL; NULL; NULL; NULL; NULL; NULL; SRC: HOMDEL 0.8%	ASXL1: 2.3%; AURKA: 0.8%; GNAS: 2.3%; NCOA3: 3.4%; PAK5: 1.5%; PLCG1: 7.8%; PTPN1: 2.0%; PTPRT: 3.4%; NULL	Tier 1 (PTCL gene)	TRUE	TRUE	TRUE
B2_S08	0.2838	0.593565088072869	23	1	97000001	158000000	61	chr1:97-158Mb	-0.137497493566964	1	HETD	1	HETD	1q	LOSS	YES	CD58, MCL1, NOTCH2, NRAS, NTRK1, RIT1, SETDB1	7	CD58 (Immune evasion); MCL1 (Oncogene / CNA); NOTCH2 (OncoKB cancer gene); NRAS (RAS-MAPK signalling); NTRK1 (OncoKB cancer gene); RIT1 (OncoKB cancer gene); SETDB1 (OncoKB cancer gene)	-; 1q21.2; 1q23.1; 1q21.3	NULL; MCL1: AMP 0.8%; NULL; NULL; NTRK1: AMP 0.8%; NULL; SETDB1: AMP 1.0%	CD58: 2.0%; NULL; NOTCH2: 0.8%; NRAS: 2.3%; NULL; RIT1: 3.4%; SETDB1: 1.0%	Tier 1 (PTCL gene)	TRUE	TRUE	TRUE
B2_S08	0.2838	0.593565088072869	23	1	158000001	176000000	18	chr1:158-176Mb	-0.0701510463632258	1	HETD	1	HETD	1q	LOSS	YES	none	0	-	-	-	-	No known cancer gene	FALSE	FALSE	FALSE
B2_S08	0.2838	0.593565088072869	23	1	176000001	248000000	72	chr1:176-248Mb	-0.122744494078833	1	HETD	1	HETD	1q	LOSS	YES	AKT3, CDC73, H3-4, PARP1	4	AKT3 (OncoKB cancer gene); CDC73 (OncoKB cancer gene); H3-4 (OncoKB cancer gene); PARP1 (OncoKB cancer gene)	1q43-q44; -	AKT3: HOMDEL 0.8%; NULL; NULL; NULL	NULL; CDC73: 1.5%; H3-4: 3.4%; PARP1: 0.8%	Tier 2 (cBioPortal CNA)	FALSE	TRUE	TRUE
B2_S08	0.2838	0.593565088072869	23	2	1000001	242000000	241	chr2:1-242Mb	-0.189757678728125	1	HETD	1	HETD	2q	LOSS	YES	ALK, ARID5A, ASXL2, BARD1, CD28, CXCR4, DNMT3A, ERBB4, FBXO11, HDAC4, MSH6, MYCN, PCBP1, PDCD1, REL, SF3B1, SP140, TET3, XPO1	19	ALK (Subtype-specific — ALK+ ALCL); ARID5A (OncoKB cancer gene); ASXL2 (OncoKB cancer gene); BARD1 (OncoKB cancer gene); CD28 (TCR / co-stimulation); CXCR4 (OncoKB cancer gene); DNMT3A (Epigenetic regulator); ERBB4 (OncoKB cancer gene); FBXO11 (OncoKB cancer gene); HDAC4 (OncoKB cancer gene); MSH6 (OncoKB cancer gene); MYCN (OncoKB cancer gene); PCBP1 (OncoKB cancer gene); PDCD1 (TCR / immune checkpoint); REL (OncoKB cancer gene); SF3B1 (OncoKB cancer gene); SP140 (OncoKB cancer gene); TET3 (Epigenetic regulator); XPO1 (Nuclear transport)	-; 2q33.2; 2q37.3; 2p16.1; 2q37.1	NULL; NULL; NULL; NULL; CD28: AMP 1.0%; NULL; NULL; NULL; NULL; HDAC4: HOMDEL 2.0%; NULL; NULL; NULL; PDCD1: HOMDEL 1.5%; REL: AMP 0.8%; NULL; SP140: HOMDEL 1.0%; NULL; NULL	ALK: 2.3%; ARID5A: 1.0%; ASXL2: 0.8%; BARD1: 0.8%; CD28: 2.0%; CXCR4: 1.5%; DNMT3A: 18.9%; ERBB4: 1.5%; FBXO11: 1.0%; NULL; MSH6: 0.8%; MYCN: 0.8%; PCBP1: 1.0%; NULL; NULL; SF3B1: 0.8%; SP140: 2.0%; TET3: 3.9%; XPO1: 1.5%	Tier 1 (PTCL gene)	TRUE	TRUE	TRUE
B2_S08	0.2838	0.593565088072869	23	4	136000001	189000000	53	chr4:136-189Mb	-0.13085388290367	1	HETD	1	HETD	4q	NEUTRAL	Focal (arm neutral)	FAT1	1	FAT1 (Tumour suppressor)	-	NULL	FAT1: 7.6%	Tier 1 (PTCL gene)	TRUE	FALSE	TRUE
B2_S08	0.2838	0.593565088072869	23	5	1000001	32000000	31	chr5:1-32Mb	0.151620035322226	3	GAIN	3	GAIN	5p	GAIN	YES	TERT	1	TERT (Telomere maintenance)	-	NULL	TERT: 2.3%	Tier 1 (PTCL gene)	TRUE	FALSE	TRUE
B2_S08	0.2838	0.593565088072869	23	5	32000001	62000000	30	chr5:32-62Mb	0.213673234420942	3	GAIN	3	GAIN	5p	GAIN	YES	MAP3K1, RICTOR	2	MAP3K1 (OncoKB cancer gene); RICTOR (OncoKB cancer gene)	-	NULL; NULL	MAP3K1: 1.5%; RICTOR: 0.8%	Tier 3 (cBioPortal mutated)	FALSE	FALSE	TRUE
B2_S08	0.2838	0.593565088072869	23	5	62000001	172000000	110	chr5:62-172Mb	-0.0652747371250211	1	HETD	1	HETD	5q	LOSS	YES	APC, ARHGEF28, PDGFRB, PIK3R1, RAD50	5	APC (OncoKB cancer gene); ARHGEF28 (OncoKB cancer gene); PDGFRB (OncoKB cancer gene); PIK3R1 (OncoKB cancer gene); RAD50 (OncoKB cancer gene)	-	NULL; NULL; NULL; NULL; NULL	APC: 0.8%; ARHGEF28: 2.0%; PDGFRB: 0.8%; PIK3R1: 0.8%; RAD50: 0.8%	Tier 3 (cBioPortal mutated)	FALSE	FALSE	TRUE
B2_S08	0.2838	0.593565088072869	23	5	172000001	181000000	9	chr5:172-181Mb	-0.135546969871682	1	HETD	1	HETD	5q	LOSS	YES	FGFR4, FLT4, NSD1	3	FGFR4 (OncoKB cancer gene); FLT4 (OncoKB cancer gene); NSD1 (OncoKB cancer gene)	-	NULL; NULL; NULL	FGFR4: 1.5%; FLT4: 0.8%; NSD1: 0.8%	Tier 3 (cBioPortal mutated)	FALSE	FALSE	TRUE
B2_S08	0.2838	0.593565088072869	23	6	66000001	115000000	49	chr6:66-115Mb	-0.53096371206861	1	HETD	4	AMP	6q	NEUTRAL	Focal (arm neutral)	BACH2, EPHA7, FOXO3, FYN, PRDM1	5	BACH2 (Transcription factor); EPHA7 (OncoKB cancer gene); FOXO3 (Tumour suppressor); FYN (TCR / kinase signalling); PRDM1 (Tumour suppressor)	6q15; 6q16.1; -	BACH2: AMP 1.0%; EPHA7: HOMDEL 0.8%; NULL; NULL; NULL	NULL; EPHA7: 2.3%; NULL; FYN: 0.8%; PRDM1: 1.5%	Tier 1 (PTCL gene)	TRUE	TRUE	TRUE
B2_S08	0.2838	0.593565088072869	23	7	1000001	19000000	18	chr7:1-19Mb	0.626090694979706	5	HLAMP	5	HLAMP	7p	GAIN	YES	CARD11	1	CARD11 (TCR / NF-kB)	-	NULL	CARD11: 2.3%	Tier 1 (PTCL gene)	TRUE	FALSE	TRUE
B2_S08	0.2838	0.593565088072869	23	7	34000001	159000000	125	chr7:34-159Mb	0.129480437224744	3	GAIN	3	GAIN	7q	GAIN	YES	BRAF, CDK6, CUX1, EGFR, EZH2, HGF, IKZF1, KMT2C, MET, MGAM, PIK3CG, POT1, SMO	13	BRAF (OncoKB cancer gene); CDK6 (OncoKB cancer gene); CUX1 (OncoKB cancer gene); EGFR (OncoKB cancer gene); EZH2 (OncoKB cancer gene); HGF (OncoKB cancer gene); IKZF1 (OncoKB cancer gene); KMT2C (Epigenetic regulator); MET (OncoKB cancer gene); MGAM (OncoKB cancer gene); PIK3CG (OncoKB cancer gene); POT1 (Telomere maintenance); SMO (OncoKB cancer gene)	-; 7q21.2; 7q31.2; 7q22.3	NULL; CDK6: AMP 0.8%; NULL; NULL; NULL; NULL; NULL; NULL; MET: AMP 0.8%; NULL; PIK3CG: AMP 0.8%; NULL; NULL	BRAF: 0.8%; CDK6: 0.8%; CUX1: 2.9%; EGFR: 2.3%; EZH2: 0.8%; HGF: 1.5%; IKZF1: 0.8%; KMT2C: 2.3%; MET: 0.8%; MGAM: 2.0%; PIK3CG: 0.8%; POT1: 5.9%; SMO: 1.5%	Tier 1 (PTCL gene)	TRUE	TRUE	TRUE
B2_S08	0.2838	0.593565088072869	23	8	1000001	41000000	40	chr8:1-41Mb	-0.00662052754263941	1	HETD	1	HETD	8p	LOSS	YES	none	0	-	-	-	-	No known cancer gene	FALSE	FALSE	FALSE
B2_S08	0.2838	0.593565088072869	23	9	1000001	38000000	37	chr9:1-38Mb	0.120039440877166	3	GAIN	3	GAIN	9p	GAIN	YES	CD274, CDKN2A, CDKN2B, MOB3B, PAX5	5	CD274 (Immune evasion); CDKN2A (Tumour suppressor); CDKN2B (Tumour suppressor); MOB3B (OncoKB cancer gene); PAX5 (OncoKB cancer gene)	-; 9p21.3	NULL; CDKN2A: HOMDEL 2.3%; CDKN2B: HOMDEL 1.5%; NULL; NULL	CD274: 0.8%; CDKN2A: 2.3%; NULL; MOB3B: 1.0%; PAX5: 0.8%	Tier 1 (PTCL gene)	TRUE	TRUE	TRUE
B2_S08	0.2838	0.593565088072869	23	9	69000001	138000000	69	chr9:69-138Mb	0.265577073907004	3	GAIN	3	GAIN	9q	GAIN	YES	ABL1, FANCC, GNAQ, NOTCH1, NTRK2, PTCH1, SYK	7	ABL1 (OncoKB cancer gene); FANCC (OncoKB cancer gene); GNAQ (OncoKB cancer gene); NOTCH1 (Signalling); NTRK2 (OncoKB cancer gene); PTCH1 (OncoKB cancer gene); SYK (TCR signalling)	-; 9q22.32; 9q21.2; 9q21.33; 9q22.2	NULL; FANCC: HOMDEL 0.8%; GNAQ: HOMDEL 0.8%; NULL; NTRK2: HOMDEL 0.8%; PTCH1: HOMDEL 0.8%; SYK: HOMDEL 0.8%	ABL1: 0.8%; NULL; NULL; NOTCH1: 2.3%; NTRK2: 0.8%; PTCH1: 0.8%; NULL	Tier 1 (PTCL gene)	TRUE	TRUE	TRUE
B2_S08	0.2838	0.593565088072869	23	10	1000001	133000000	132	chr10:1-133Mb	-0.184487513743758	1	HETD	1	HETD	10q	LOSS	YES	ARID5B, FAS, GATA3, PTEN, RET, SMC3, SUFU, TET1	8	ARID5B (OncoKB cancer gene); FAS (Apoptosis / immune evasion); GATA3 (Transcription factor); PTEN (Tumour suppressor); RET (OncoKB cancer gene); SMC3 (OncoKB cancer gene); SUFU (OncoKB cancer gene); TET1 (OncoKB cancer gene)	10q21.2; 10q23.31; 10p14; 10q11.21; -	ARID5B: HOMDEL 0.8%; AMP 0.8%; FAS: HOMDEL 2.0%; GATA3: AMP 0.8%; PTEN: HOMDEL 3.0%; RET: AMP 0.8%; NULL; NULL; NULL	ARID5B: 1.5%; FAS: 5.9%; GATA3: 0.8%; PTEN: 0.8%; RET: 0.8%; SMC3: 1.0%; SUFU: 0.8%; TET1: 0.8%	Tier 1 (PTCL gene)	TRUE	TRUE	TRUE
B2_S08	0.2838	0.593565088072869	23	11	1000001	61000000	60	chr11:1-61Mb	0.105700494865771	3	GAIN	3	GAIN	11p	GAIN	YES	none	0	-	-	-	-	No known cancer gene	FALSE	FALSE	FALSE
B2_S08	0.2838	0.593565088072869	23	12	1000001	132000000	131	chr12:1-132Mb	-0.184097986082718	1	HETD	1	HETD	12q	LOSS	YES	ARID2, BTG1, DTX1, EP400, ERBB3, ETV6, HNF1A, KMT2D, KMT5A, KRAS, KSR2, NCOR2, PIK3C2G, SETD1B, SH2B3	15	ARID2 (Chromatin remodelling); BTG1 (OncoKB cancer gene); DTX1 (Signalling); EP400 (OncoKB cancer gene); ERBB3 (OncoKB cancer gene); ETV6 (OncoKB cancer gene); HNF1A (OncoKB cancer gene); KMT2D (Epigenetic regulator); KMT5A (OncoKB cancer gene); KRAS (OncoKB cancer gene); KSR2 (OncoKB cancer gene); NCOR2 (OncoKB cancer gene); PIK3C2G (OncoKB cancer gene); SETD1B (Epigenetic regulator); SH2B3 (OncoKB cancer gene)	-; 12q21.33; 12q24.31	NULL; BTG1: AMP 1.0%; NULL; NULL; NULL; NULL; NULL; NULL; KMT5A: HOMDEL 1.0%; NULL; NULL; NCOR2: HOMDEL 1.0%; NULL; NULL; NULL	ARID2: 3.1%; NULL; DTX1: 2.9%; EP400: 1.0%; ERBB3: 0.8%; ETV6: 0.8%; HNF1A: 0.8%; KMT2D: 4.6%; NULL; KRAS: 1.5%; KSR2: 4.9%; NCOR2: 2.9%; PIK3C2G: 3.1%; SETD1B: 2.0%; SH2B3: 1.5%	Tier 1 (PTCL gene)	TRUE	TRUE	TRUE
B2_S08	0.2838	0.593565088072869	23	15	25000001	101000000	76	chr15:25-101Mb	-0.159002305846455	1	HETD	1	HETD	15q	LOSS	YES	B2M, IDH2, IGF1R	3	B2M (Immune evasion); IDH2 (Epigenetic regulator); IGF1R (OncoKB cancer gene)	-; 15q26.1; 15q26.3	NULL; IDH2: HOMDEL 0.8%; IGF1R: HOMDEL 0.8%	NULL; IDH2: 11.4%; IGF1R: 1.5%	Tier 1 (PTCL gene)	TRUE	TRUE	TRUE
B2_S08	0.2838	0.593565088072869	23	16	1000001	48000000	47	chr16:1-48Mb	0.107747679128792	3	GAIN	3	GAIN	16p	GAIN	YES	CIITA, CREBBP, GRIN2A, PALB2, PRKCB, SOCS1, TSC2	7	CIITA (OncoKB cancer gene); CREBBP (Epigenetic regulator); GRIN2A (OncoKB cancer gene); PALB2 (OncoKB cancer gene); PRKCB (Subtype-specific — ATLL); SOCS1 (JAK-STAT); TSC2 (OncoKB cancer gene)	-; 16p13.3; 16p13.13	NULL; CREBBP: HOMDEL 0.8%; NULL; NULL; NULL; SOCS1: HOMDEL 0.8%; NULL	CIITA: 1.0%; CREBBP: 3.1%; GRIN2A: 3.1%; PALB2: 1.5%; NULL; SOCS1: 3.1%; TSC2: 0.8%	Tier 1 (PTCL gene)	TRUE	TRUE	TRUE
B2_S08	0.2838	0.593565088072869	23	17	1000001	15000000	14	chr17:1-15Mb	-0.570412765266678	1	HETD	4	AMP	17p	LOSS	YES	ALOX12B, AURKB, TP53	3	ALOX12B (OncoKB cancer gene); AURKB (OncoKB cancer gene); TP53 (Tumour suppressor)	17p13.1	ALOX12B: HOMDEL 0.8%; AURKB: HOMDEL 0.8%; TP53: HOMDEL 2.3%	ALOX12B: 0.8%; NULL; TP53: 15.9%	Tier 1 (PTCL gene)	TRUE	TRUE	TRUE
B2_S08	0.2838	0.593565088072869	23	17	17000001	83000000	66	chr17:17-83Mb	0.207303735815417	3	GAIN	3	GAIN	17q	GAIN	YES	ACTG1, CDK12, ERBB2, FLCN, IKZF3, NF1, RARA, RPTOR, SRSF2, STAT3, STAT5B	11	ACTG1 (OncoKB cancer gene); CDK12 (OncoKB cancer gene); ERBB2 (OncoKB cancer gene); FLCN (OncoKB cancer gene); IKZF3 (OncoKB cancer gene); NF1 (OncoKB cancer gene); RARA (OncoKB cancer gene); RPTOR (OncoKB cancer gene); SRSF2 (OncoKB cancer gene); STAT3 (JAK-STAT); STAT5B (JAK-STAT)	-; 17q12; 17p11.2; 17q12-q21.1	NULL; NULL; ERBB2: HOMDEL 0.8%; FLCN: HOMDEL 0.8%; IKZF3: AMP 1.0%; NULL; NULL; NULL; NULL; NULL; NULL	ACTG1: 1.0%; CDK12: 2.3%; NULL; NULL; IKZF3: 1.0%; NF1: 1.5%; RARA: 3.1%; RPTOR: 1.5%; SRSF2: 1.5%; STAT3: 7.6%; STAT5B: 3.8%	Tier 1 (PTCL gene)	TRUE	TRUE	TRUE
B2_S08	0.2838	0.593565088072869	23	19	1000001	24000000	23	chr19:1-24Mb	-0.00855085350734884	1	HETD	1	HETD	19p	LOSS	YES	BRD4, CALR, DOT1L, GNA11, JAK3, KEAP1, NOTCH3, PIK3R2, PTPRS, SMARCA4, STK11, VAV1	12	BRD4 (OncoKB cancer gene); CALR (OncoKB cancer gene); DOT1L (OncoKB cancer gene); GNA11 (OncoKB cancer gene); JAK3 (JAK-STAT); KEAP1 (OncoKB cancer gene); NOTCH3 (Signalling); PIK3R2 (OncoKB cancer gene); PTPRS (OncoKB cancer gene); SMARCA4 (OncoKB cancer gene); STK11 (OncoKB cancer gene); VAV1 (TCR / GTPase signalling)	-; 19p13.3; 19p13.2	NULL; NULL; DOT1L: HOMDEL 0.8%; GNA11: HOMDEL 0.8%; NULL; NULL; NULL; NULL; NULL; SMARCA4: HOMDEL 0.8%; STK11: HOMDEL 0.8%; VAV1: AMP 1.0%	BRD4: 1.5%; CALR: 0.8%; DOT1L: 0.8%; NULL; JAK3: 3.0%; KEAP1: 0.8%; NOTCH3: 2.3%; PIK3R2: 1.5%; PTPRS: 3.4%; SMARCA4: 0.8%; NULL; VAV1: 4.9%	Tier 1 (PTCL gene)	TRUE	TRUE	TRUE
B2_S08	0.2838	0.593565088072869	23	20	1000001	64000000	63	chr20:1-64Mb	0.104589619684286	3	GAIN	3	GAIN	20q	GAIN	YES	ASXL1, AURKA, GNAS, NCOA3, PAK5, PLCG1, PTPN1, PTPRT, SRC	9	ASXL1 (OncoKB cancer gene); AURKA (OncoKB cancer gene); GNAS (OncoKB cancer gene); NCOA3 (OncoKB cancer gene); PAK5 (OncoKB cancer gene); PLCG1 (TCR signalling); PTPN1 (OncoKB cancer gene); PTPRT (OncoKB cancer gene); SRC (OncoKB cancer gene)	-; 20q11.23	NULL; NULL; NULL; NULL; NULL; NULL; NULL; NULL; SRC: HOMDEL 0.8%	ASXL1: 2.3%; AURKA: 0.8%; GNAS: 2.3%; NCOA3: 3.4%; PAK5: 1.5%; PLCG1: 7.8%; PTPN1: 2.0%; PTPRT: 3.4%; NULL	Tier 1 (PTCL gene)	TRUE	TRUE	TRUE
B2_S08	0.2838	0.593565088072869	23	22	19000001	49000000	30	chr22:19-49Mb	-0.188185141133556	1	HETD	1	HETD	22q	LOSS	YES	CHEK2, EP300, MAPK1, NF2, XBP1	5	CHEK2 (OncoKB cancer gene); EP300 (Epigenetic regulator); MAPK1 (OncoKB cancer gene); NF2 (OncoKB cancer gene); XBP1 (OncoKB cancer gene)	22q12.1; 22q13.2; -; 22q12.2	CHEK2: HOMDEL 0.8%; EP300: AMP 0.8%; NULL; NF2: AMP 0.8%; XBP1: HOMDEL 1.0%	NULL; EP300: 2.3%; MAPK1: 0.8%; NULL; NULL	Tier 1 (PTCL gene)	TRUE	TRUE	TRUE
B2_S12	0.07153	0.642830677260978	25	1	1000001	19000000	18	chr1:1-19Mb	0.102118283079244	4	AMP	4	AMP	1p	NEUTRAL	Focal (arm neutral)	MTOR, SPEN	2	MTOR (OncoKB cancer gene); SPEN (OncoKB cancer gene)	-	NULL; NULL	MTOR: 0.8%; SPEN: 0.8%	Tier 3 (cBioPortal mutated)	FALSE	FALSE	TRUE
B2_S12	0.07153	0.642830677260978	25	1	19000001	46000000	27	chr1:19-46Mb	-0.110465716585827	1	HETD	1	HETD	1p	NEUTRAL	Focal (arm neutral)	ARID1A, LCK, MYCL, YTHDF2	4	ARID1A (Chromatin remodelling); LCK (TCR signalling); MYCL (OncoKB cancer gene); YTHDF2 (Epigenetic regulator)	-	NULL; NULL; NULL; NULL	ARID1A: 0.8%; LCK: 2.0%; MYCL: 0.8%; NULL	Tier 1 (PTCL gene)	TRUE	FALSE	TRUE
B2_S12	0.07153	0.642830677260978	25	1	157000001	211000000	54	chr1:157-211Mb	0.142005915569741	5	HLAMP	5	HLAMP	1q	GAIN	YES	CDC73	1	CDC73 (OncoKB cancer gene)	-	NULL	CDC73: 1.5%	Tier 3 (cBioPortal mutated)	FALSE	FALSE	TRUE
B2_S12	0.07153	0.642830677260978	25	1	211000001	248000000	37	chr1:211-248Mb	0.0324361126043064	3	GAIN	3	GAIN	1q	GAIN	YES	AKT3, H3-4, PARP1	3	AKT3 (OncoKB cancer gene); H3-4 (OncoKB cancer gene); PARP1 (OncoKB cancer gene)	1q43-q44; -	AKT3: HOMDEL 0.8%; NULL; NULL	NULL; H3-4: 3.4%; PARP1: 0.8%	Tier 2 (cBioPortal CNA)	FALSE	TRUE	TRUE
B2_S12	0.07153	0.642830677260978	25	2	1000001	77000000	76	chr2:1-77Mb	0.0253351676130511	3	GAIN	3	GAIN	2p	GAIN	YES	ALK, ASXL2, DNMT3A, FBXO11, MSH6, MYCN, PCBP1, REL, TET3, XPO1	10	ALK (Subtype-specific — ALK+ ALCL); ASXL2 (OncoKB cancer gene); DNMT3A (Epigenetic regulator); FBXO11 (OncoKB cancer gene); MSH6 (OncoKB cancer gene); MYCN (OncoKB cancer gene); PCBP1 (OncoKB cancer gene); REL (OncoKB cancer gene); TET3 (Epigenetic regulator); XPO1 (Nuclear transport)	-; 2p16.1	NULL; NULL; NULL; NULL; NULL; NULL; NULL; REL: AMP 0.8%; NULL; NULL	ALK: 2.3%; ASXL2: 0.8%; DNMT3A: 18.9%; FBXO11: 1.0%; MSH6: 0.8%; MYCN: 0.8%; PCBP1: 1.0%; NULL; TET3: 3.9%; XPO1: 1.5%	Tier 1 (PTCL gene)	TRUE	TRUE	TRUE
B2_S12	0.07153	0.642830677260978	25	3	1000001	42000000	41	chr3:1-42Mb	0.0390984783031318	3	GAIN	3	GAIN	3p	NEUTRAL	Focal (arm neutral)	CCR4, CTNNB1, MLH1, SETD5, TGFBR2	5	CCR4 (Subtype-specific — ATLL); CTNNB1 (OncoKB cancer gene); MLH1 (OncoKB cancer gene); SETD5 (OncoKB cancer gene); TGFBR2 (OncoKB cancer gene)	-	NULL; NULL; NULL; NULL; NULL	NULL; CTNNB1: 0.8%; MLH1: 0.8%; SETD5: 1.0%; TGFBR2: 0.8%	Tier 1 (PTCL gene)	TRUE	FALSE	TRUE
B2_S12	0.07153	0.642830677260978	25	3	120000001	198000000	78	chr3:120-198Mb	0.0972405311459979	4	AMP	4	AMP	3q	GAIN	YES	ATR, BCL6, EPHB1, FOXL2, SOX2, STAG1, TBL1XR1, TP63	8	ATR (OncoKB cancer gene); BCL6 (Transcription factor); EPHB1 (OncoKB cancer gene); FOXL2 (OncoKB cancer gene); SOX2 (OncoKB cancer gene); STAG1 (OncoKB cancer gene); TBL1XR1 (Transcription / signalling); TP63 (Subtype-specific — ALK- ALCL)	-; 3q27.3	NULL; BCL6: HOMDEL 1.5%; NULL; NULL; NULL; NULL; NULL; NULL	ATR: 0.8%; NULL; EPHB1: 1.5%; FOXL2: 0.8%; SOX2: 0.8%; STAG1: 1.0%; TBL1XR1: 2.0%; NULL	Tier 1 (PTCL gene)	TRUE	TRUE	TRUE
B2_S12	0.07153	0.642830677260978	25	4	2000001	57000000	55	chr4:2-57Mb	-0.0518432462943448	1	HETD	1	HETD	4p	LOSS	YES	KDR, KIT, PDGFRA	3	KDR (OncoKB cancer gene); KIT (OncoKB cancer gene); PDGFRA (OncoKB cancer gene)	-	NULL; NULL; NULL	KDR: 1.5%; KIT: 1.5%; PDGFRA: 1.5%	Tier 3 (cBioPortal mutated)	FALSE	FALSE	TRUE
B2_S12	0.07153	0.642830677260978	25	4	57000001	156000000	99	chr4:57-156Mb	0.0528992990642755	3	GAIN	3	GAIN	4q	GAIN	YES	EPHA5, TET2	2	EPHA5 (OncoKB cancer gene); TET2 (Epigenetic regulator)	-	NULL; NULL	EPHA5: 0.8%; TET2: 51.5%	Tier 1 (PTCL gene)	TRUE	FALSE	TRUE
B2_S12	0.07153	0.642830677260978	25	4	156000001	189000000	33	chr4:156-189Mb	-0.088897425724537	1	HETD	1	HETD	4q	GAIN	Discordant	FAT1	1	FAT1 (Tumour suppressor)	-	NULL	FAT1: 7.6%	Tier 1 (PTCL gene)	TRUE	FALSE	TRUE
B2_S12	0.07153	0.642830677260978	25	5	86000001	155000000	69	chr5:86-155Mb	0.0324606384200018	3	GAIN	3	GAIN	5q	GAIN	YES	APC, PDGFRB, RAD50	3	APC (OncoKB cancer gene); PDGFRB (OncoKB cancer gene); RAD50 (OncoKB cancer gene)	-	NULL; NULL; NULL	APC: 0.8%; PDGFRB: 0.8%; RAD50: 0.8%	Tier 3 (cBioPortal mutated)	FALSE	FALSE	TRUE
B2_S12	0.07153	0.642830677260978	25	5	156000001	181000000	25	chr5:156-181Mb	0.0845866529423608	4	AMP	4	AMP	5q	GAIN	YES	FGFR4, FLT4, NSD1	3	FGFR4 (OncoKB cancer gene); FLT4 (OncoKB cancer gene); NSD1 (OncoKB cancer gene)	-	NULL; NULL; NULL	FGFR4: 1.5%; FLT4: 0.8%; NSD1: 0.8%	Tier 3 (cBioPortal mutated)	FALSE	FALSE	TRUE
B2_S12	0.07153	0.642830677260978	25	6	66000001	170000000	104	chr6:66-170Mb	-0.0701510463632258	1	HETD	1	HETD	6q	LOSS	YES	ARID1B, BACH2, EPHA7, ESR1, FOXO3, FYN, PRDM1, ROS1, SGK1, TNFAIP3	10	ARID1B (OncoKB cancer gene); BACH2 (Transcription factor); EPHA7 (OncoKB cancer gene); ESR1 (OncoKB cancer gene); FOXO3 (Tumour suppressor); FYN (TCR / kinase signalling); PRDM1 (Tumour suppressor); ROS1 (OncoKB cancer gene); SGK1 (OncoKB cancer gene); TNFAIP3 (Tumour suppressor)	-; 6q15; 6q16.1; 6q25.1-q25.2; 6q23.3	NULL; BACH2: AMP 1.0%; EPHA7: HOMDEL 0.8%; ESR1: HOMDEL 0.8%; NULL; NULL; NULL; NULL; NULL; TNFAIP3: HOMDEL 0.8%	ARID1B: 0.8%; NULL; EPHA7: 2.3%; ESR1: 0.8%; NULL; FYN: 0.8%; PRDM1: 1.5%; ROS1: 1.5%; SGK1: 1.0%; TNFAIP3: 3.1%	Tier 1 (PTCL gene)	TRUE	TRUE	TRUE
B2_S12	0.07153	0.642830677260978	25	7	1000001	69000000	68	chr7:1-69Mb	-0.0458228798887153	1	HETD	1	HETD	7p	LOSS	YES	CARD11, EGFR, IKZF1	3	CARD11 (TCR / NF-kB); EGFR (OncoKB cancer gene); IKZF1 (OncoKB cancer gene)	-	NULL; NULL; NULL	CARD11: 2.3%; EGFR: 2.3%; IKZF1: 0.8%	Tier 1 (PTCL gene)	TRUE	FALSE	TRUE
B2_S12	0.07153	0.642830677260978	25	7	69000001	159000000	90	chr7:69-159Mb	0.0503183176361251	3	GAIN	3	GAIN	7q	GAIN	YES	BRAF, CDK6, CUX1, EZH2, HGF, KMT2C, MET, MGAM, PIK3CG, POT1, SMO	11	BRAF (OncoKB cancer gene); CDK6 (OncoKB cancer gene); CUX1 (OncoKB cancer gene); EZH2 (OncoKB cancer gene); HGF (OncoKB cancer gene); KMT2C (Epigenetic regulator); MET (OncoKB cancer gene); MGAM (OncoKB cancer gene); PIK3CG (OncoKB cancer gene); POT1 (Telomere maintenance); SMO (OncoKB cancer gene)	-; 7q21.2; 7q31.2; 7q22.3	NULL; CDK6: AMP 0.8%; NULL; NULL; NULL; NULL; MET: AMP 0.8%; NULL; PIK3CG: AMP 0.8%; NULL; NULL	BRAF: 0.8%; CDK6: 0.8%; CUX1: 2.9%; EZH2: 0.8%; HGF: 1.5%; KMT2C: 2.3%; MET: 0.8%; MGAM: 2.0%; PIK3CG: 0.8%; POT1: 5.9%; SMO: 1.5%	Tier 1 (PTCL gene)	TRUE	TRUE	TRUE
B2_S12	0.07153	0.642830677260978	25	8	48000001	125000000	77	chr8:48-125Mb	0.0460969919464841	3	GAIN	3	GAIN	8q	GAIN	YES	RAD21, RUNX1T1, UBR5	3	RAD21 (OncoKB cancer gene); RUNX1T1 (OncoKB cancer gene); UBR5 (OncoKB cancer gene)	-; 8q21.3	NULL; RUNX1T1: HOMDEL 1.0%; NULL	RAD21: 0.8%; RUNX1T1: 1.0%; UBR5: 1.0%	Tier 2 (cBioPortal CNA)	FALSE	TRUE	TRUE
B2_S12	0.07153	0.642830677260978	25	8	125000001	145000000	20	chr8:125-145Mb	0.119876416337546	5	HLAMP	5	HLAMP	8q	GAIN	YES	MYC	1	MYC (Oncogene / CNA)	-	NULL	NULL	Tier 1 (PTCL gene)	TRUE	FALSE	FALSE
B2_S12	0.07153	0.642830677260978	25	9	1000001	38000000	37	chr9:1-38Mb	-0.0434395476811667	1	HETD	1	HETD	9p	LOSS	YES	CD274, CDKN2A, CDKN2B, MOB3B, PAX5	5	CD274 (Immune evasion); CDKN2A (Tumour suppressor); CDKN2B (Tumour suppressor); MOB3B (OncoKB cancer gene); PAX5 (OncoKB cancer gene)	-; 9p21.3	NULL; CDKN2A: HOMDEL 2.3%; CDKN2B: HOMDEL 1.5%; NULL; NULL	CD274: 0.8%; CDKN2A: 2.3%; NULL; MOB3B: 1.0%; PAX5: 0.8%	Tier 1 (PTCL gene)	TRUE	TRUE	TRUE
B2_S12	0.07153	0.642830677260978	25	9	69000001	138000000	69	chr9:69-138Mb	0.0807303290980646	4	AMP	4	AMP	9q	GAIN	YES	ABL1, FANCC, GNAQ, NOTCH1, NTRK2, PTCH1, SYK	7	ABL1 (OncoKB cancer gene); FANCC (OncoKB cancer gene); GNAQ (OncoKB cancer gene); NOTCH1 (Signalling); NTRK2 (OncoKB cancer gene); PTCH1 (OncoKB cancer gene); SYK (TCR signalling)	-; 9q22.32; 9q21.2; 9q21.33; 9q22.2	NULL; FANCC: HOMDEL 0.8%; GNAQ: HOMDEL 0.8%; NULL; NTRK2: HOMDEL 0.8%; PTCH1: HOMDEL 0.8%; SYK: HOMDEL 0.8%	ABL1: 0.8%; NULL; NULL; NOTCH1: 2.3%; NTRK2: 0.8%; PTCH1: 0.8%; NULL	Tier 1 (PTCL gene)	TRUE	TRUE	TRUE
B2_S12	0.07153	0.642830677260978	25	10	43000001	133000000	90	chr10:43-133Mb	0.0464172702455616	3	GAIN	3	GAIN	10q	GAIN	YES	ARID5B, FAS, PTEN, RET, SMC3, SUFU, TET1	7	ARID5B (OncoKB cancer gene); FAS (Apoptosis / immune evasion); PTEN (Tumour suppressor); RET (OncoKB cancer gene); SMC3 (OncoKB cancer gene); SUFU (OncoKB cancer gene); TET1 (OncoKB cancer gene)	10q21.2; 10q23.31; 10q11.21; -	ARID5B: HOMDEL 0.8%; AMP 0.8%; FAS: HOMDEL 2.0%; PTEN: HOMDEL 3.0%; RET: AMP 0.8%; NULL; NULL; NULL	ARID5B: 1.5%; FAS: 5.9%; PTEN: 0.8%; RET: 0.8%; SMC3: 1.0%; SUFU: 0.8%; TET1: 0.8%	Tier 1 (PTCL gene)	TRUE	TRUE	TRUE
B2_S12	0.07153	0.642830677260978	25	11	1000001	39000000	38	chr11:1-39Mb	0.132805849293993	5	HLAMP	5	HLAMP	11p	GAIN	YES	none	0	-	-	-	-	No known cancer gene	FALSE	FALSE	FALSE
B2_S12	0.07153	0.642830677260978	25	11	80000001	135000000	55	chr11:80-135Mb	-0.0552696470164562	1	HETD	1	HETD	11q	LOSS	YES	ATM, BIRC3, CHEK1, MRE11	4	ATM (DNA damage response); BIRC3 (OncoKB cancer gene); CHEK1 (OncoKB cancer gene); MRE11 (OncoKB cancer gene)	11q22.3; -	ATM: HOMDEL 0.8%; NULL; NULL; NULL	ATM: 2.3%; BIRC3: 0.8%; CHEK1: 0.8%; MRE11: 0.8%	Tier 1 (PTCL gene)	TRUE	TRUE	TRUE
B2_S12	0.07153	0.642830677260978	25	12	1000001	31000000	30	chr12:1-31Mb	0.0458546191796147	3	GAIN	3	GAIN	12p	GAIN	YES	ETV6, KRAS, PIK3C2G	3	ETV6 (OncoKB cancer gene); KRAS (OncoKB cancer gene); PIK3C2G (OncoKB cancer gene)	-	NULL; NULL; NULL	ETV6: 0.8%; KRAS: 1.5%; PIK3C2G: 3.1%	Tier 3 (cBioPortal mutated)	FALSE	FALSE	TRUE
B2_S12	0.07153	0.642830677260978	25	12	32000001	58000000	26	chr12:32-58Mb	-0.0613188673229036	1	HETD	1	HETD	12q	NEUTRAL	Focal (arm neutral)	ARID2, ERBB3, KMT2D	3	ARID2 (Chromatin remodelling); ERBB3 (OncoKB cancer gene); KMT2D (Epigenetic regulator)	-	NULL; NULL; NULL	ARID2: 3.1%; ERBB3: 0.8%; KMT2D: 4.6%	Tier 1 (PTCL gene)	TRUE	FALSE	TRUE
B2_S12	0.07153	0.642830677260978	25	13	20000001	113000000	93	chr13:20-113Mb	-0.0482105401813866	1	HETD	1	HETD	13q	LOSS	YES	BRCA2, CDK8, FLT1, FLT3, IRS2, LATS2	6	BRCA2 (OncoKB cancer gene); CDK8 (OncoKB cancer gene); FLT1 (OncoKB cancer gene); FLT3 (OncoKB cancer gene); IRS2 (OncoKB cancer gene); LATS2 (OncoKB cancer gene)	-	NULL; NULL; NULL; NULL; NULL; NULL	BRCA2: 0.8%; CDK8: 0.8%; FLT1: 0.8%; FLT3: 1.5%; IRS2: 0.8%; LATS2: 3.4%	Tier 3 (cBioPortal mutated)	FALSE	FALSE	TRUE
B2_S12	0.07153	0.642830677260978	25	15	25000001	101000000	76	chr15:25-101Mb	-0.040408445400259	1	HETD	1	HETD	15q	LOSS	YES	B2M, IDH2, IGF1R	3	B2M (Immune evasion); IDH2 (Epigenetic regulator); IGF1R (OncoKB cancer gene)	-; 15q26.1; 15q26.3	NULL; IDH2: HOMDEL 0.8%; IGF1R: HOMDEL 0.8%	NULL; IDH2: 11.4%; IGF1R: 1.5%	Tier 1 (PTCL gene)	TRUE	TRUE	TRUE
B2_S12	0.07153	0.642830677260978	25	16	1000001	90000000	89	chr16:1-90Mb	-0.0572244987968608	1	HETD	1	HETD	16q	LOSS	YES	CDH1, CIITA, CREBBP, FANCA, GRIN2A, PALB2, PLCG2, PRKCB, SOCS1, TSC2	10	CDH1 (OncoKB cancer gene); CIITA (OncoKB cancer gene); CREBBP (Epigenetic regulator); FANCA (OncoKB cancer gene); GRIN2A (OncoKB cancer gene); PALB2 (OncoKB cancer gene); PLCG2 (OncoKB cancer gene); PRKCB (Subtype-specific — ATLL); SOCS1 (JAK-STAT); TSC2 (OncoKB cancer gene)	-; 16p13.3; 16p13.13	NULL; NULL; CREBBP: HOMDEL 0.8%; NULL; NULL; NULL; NULL; NULL; SOCS1: HOMDEL 0.8%; NULL	CDH1: 0.8%; CIITA: 1.0%; CREBBP: 3.1%; FANCA: 1.5%; GRIN2A: 3.1%; PALB2: 1.5%; PLCG2: 0.8%; NULL; SOCS1: 3.1%; TSC2: 0.8%	Tier 1 (PTCL gene)	TRUE	TRUE	TRUE
B2_S12	0.07153	0.642830677260978	25	18	27000001	80000000	53	chr18:27-80Mb	-0.041356296042123	1	HETD	1	HETD	18q	LOSS	YES	BCL2, PIK3C3, SETBP1	3	BCL2 (Oncogene / CNA); PIK3C3 (OncoKB cancer gene); SETBP1 (OncoKB cancer gene)	-	NULL; NULL; NULL	NULL; PIK3C3: 1.5%; SETBP1: 1.0%	Tier 1 (PTCL gene)	TRUE	FALSE	TRUE
B2_S12	0.07153	0.642830677260978	25	19	1000001	58000000	57	chr19:1-58Mb	-0.105322508765058	1	HETD	1	HETD	19q	LOSS	YES	AXL, BRD4, CALR, CD79A, CIC, DOT1L, ERCC2, GNA11, JAK3, KEAP1, NOTCH3, PIK3R2, PPP2R1A, PTPRS, SMARCA4, STK11, VAV1	17	AXL (OncoKB cancer gene); BRD4 (OncoKB cancer gene); CALR (OncoKB cancer gene); CD79A (OncoKB cancer gene); CIC (OncoKB cancer gene); DOT1L (OncoKB cancer gene); ERCC2 (OncoKB cancer gene); GNA11 (OncoKB cancer gene); JAK3 (JAK-STAT); KEAP1 (OncoKB cancer gene); NOTCH3 (Signalling); PIK3R2 (OncoKB cancer gene); PPP2R1A (OncoKB cancer gene); PTPRS (OncoKB cancer gene); SMARCA4 (OncoKB cancer gene); STK11 (OncoKB cancer gene); VAV1 (TCR / GTPase signalling)	-; 19q13.2; 19p13.3; 19p13.2	NULL; NULL; NULL; NULL; CIC: HOMDEL 0.8%; DOT1L: HOMDEL 0.8%; NULL; GNA11: HOMDEL 0.8%; NULL; NULL; NULL; NULL; NULL; NULL; SMARCA4: HOMDEL 0.8%; STK11: HOMDEL 0.8%; VAV1: AMP 1.0%	AXL: 0.8%; BRD4: 1.5%; CALR: 0.8%; CD79A: 0.8%; CIC: 1.5%; DOT1L: 0.8%; ERCC2: 3.4%; NULL; JAK3: 3.0%; KEAP1: 0.8%; NOTCH3: 2.3%; PIK3R2: 1.5%; PPP2R1A: 0.8%; PTPRS: 3.4%; SMARCA4: 0.8%; NULL; VAV1: 4.9%	Tier 1 (PTCL gene)	TRUE	TRUE	TRUE
B2_S12	0.07153	0.642830677260978	25	21	25000001	46000000	21	chr21:25-46Mb	0.0878716695504649	4	AMP	4	AMP	21q	GAIN	YES	ERG, RUNX1, SETD4, U2AF1	4	ERG (OncoKB cancer gene); RUNX1 (OncoKB cancer gene); SETD4 (OncoKB cancer gene); U2AF1 (OncoKB cancer gene)	21q22.2; 21q22.12; 21q22.3	ERG: AMP 0.8%; RUNX1: AMP 0.8%; SETD4: AMP 1.0%; U2AF1: AMP 0.8%	ERG: 0.8%; NULL; NULL; NULL	Tier 2 (cBioPortal CNA)	FALSE	TRUE	TRUE
B2_S12	0.07153	0.642830677260978	25	22	19000001	49000000	30	chr22:19-49Mb	0.0663711853560967	3	GAIN	3	GAIN	22q	GAIN	YES	CHEK2, EP300, MAPK1, NF2, XBP1	5	CHEK2 (OncoKB cancer gene); EP300 (Epigenetic regulator); MAPK1 (OncoKB cancer gene); NF2 (OncoKB cancer gene); XBP1 (OncoKB cancer gene)	22q12.1; 22q13.2; -; 22q12.2	CHEK2: HOMDEL 0.8%; EP300: AMP 0.8%; NULL; NF2: AMP 0.8%; XBP1: HOMDEL 1.0%	NULL; EP300: 2.3%; MAPK1: 0.8%; NULL; NULL	Tier 1 (PTCL gene)	TRUE	TRUE	TRUE
B2_S15	0.2478	0.814842027335975	33	1	1000001	248000000	247	chr1:1-248Mb	-0.0644884683277367	1	HETD	3	GAIN	1q	LOSS	YES	AKT3, ARID1A, CD58, CDC73, CDKN2C, H3-4, JAK1, LCK, MCL1, MTOR, MYCL, NOTCH2, NRAS, NTRK1, PARP1, RIT1, SETDB1, SPEN, YTHDF2	19	AKT3 (OncoKB cancer gene); ARID1A (Chromatin remodelling); CD58 (Immune evasion); CDC73 (OncoKB cancer gene); CDKN2C (OncoKB cancer gene); H3-4 (OncoKB cancer gene); JAK1 (JAK-STAT); LCK (TCR signalling); MCL1 (Oncogene / CNA); MTOR (OncoKB cancer gene); MYCL (OncoKB cancer gene); NOTCH2 (OncoKB cancer gene); NRAS (RAS-MAPK signalling); NTRK1 (OncoKB cancer gene); PARP1 (OncoKB cancer gene); RIT1 (OncoKB cancer gene); SETDB1 (OncoKB cancer gene); SPEN (OncoKB cancer gene); YTHDF2 (Epigenetic regulator)	1q43-q44; -; 1q21.2; 1q23.1; 1q21.3	AKT3: HOMDEL 0.8%; NULL; NULL; NULL; NULL; NULL; NULL; NULL; MCL1: AMP 0.8%; NULL; NULL; NULL; NULL; NTRK1: AMP 0.8%; NULL; NULL; SETDB1: AMP 1.0%; NULL; NULL	NULL; ARID1A: 0.8%; CD58: 2.0%; CDC73: 1.5%; CDKN2C: 0.8%; H3-4: 3.4%; JAK1: 3.8%; LCK: 2.0%; NULL; MTOR: 0.8%; MYCL: 0.8%; NOTCH2: 0.8%; NRAS: 2.3%; NULL; PARP1: 0.8%; RIT1: 3.4%; SETDB1: 1.0%; SPEN: 0.8%; NULL	Tier 1 (PTCL gene)	TRUE	TRUE	TRUE
B2_S15	0.2478	0.814842027335975	33	2	1000001	89000000	88	chr2:1-89Mb	0.0935775284371808	3	GAIN	3	GAIN	2p	GAIN	YES	ALK, ASXL2, DNMT3A, FBXO11, MSH6, MYCN, PCBP1, REL, TET3, XPO1	10	ALK (Subtype-specific — ALK+ ALCL); ASXL2 (OncoKB cancer gene); DNMT3A (Epigenetic regulator); FBXO11 (OncoKB cancer gene); MSH6 (OncoKB cancer gene); MYCN (OncoKB cancer gene); PCBP1 (OncoKB cancer gene); REL (OncoKB cancer gene); TET3 (Epigenetic regulator); XPO1 (Nuclear transport)	-; 2p16.1	NULL; NULL; NULL; NULL; NULL; NULL; NULL; REL: AMP 0.8%; NULL; NULL	ALK: 2.3%; ASXL2: 0.8%; DNMT3A: 18.9%; FBXO11: 1.0%; MSH6: 0.8%; MYCN: 0.8%; PCBP1: 1.0%; NULL; TET3: 3.9%; XPO1: 1.5%	Tier 1 (PTCL gene)	TRUE	TRUE	TRUE
B2_S15	0.2478	0.814842027335975	33	2	98000001	220000000	122	chr2:98-220Mb	-0.0503428434518204	1	HETD	3	GAIN	2q	LOSS	YES	BARD1, CD28, CXCR4, ERBB4, SF3B1	5	BARD1 (OncoKB cancer gene); CD28 (TCR / co-stimulation); CXCR4 (OncoKB cancer gene); ERBB4 (OncoKB cancer gene); SF3B1 (OncoKB cancer gene)	-; 2q33.2	NULL; CD28: AMP 1.0%; NULL; NULL; NULL	BARD1: 0.8%; CD28: 2.0%; CXCR4: 1.5%; ERBB4: 1.5%; SF3B1: 0.8%	Tier 1 (PTCL gene)	TRUE	TRUE	TRUE
B2_S15	0.2478	0.814842027335975	33	3	1000001	74000000	73	chr3:1-74Mb	-0.0583310458932226	1	HETD	3	GAIN	3p	LOSS	YES	BAP1, CCR4, CTNNB1, MITF, MLH1, PBRM1, RHOA, SETD2, SETD5, TGFBR2	10	BAP1 (OncoKB cancer gene); CCR4 (Subtype-specific — ATLL); CTNNB1 (OncoKB cancer gene); MITF (OncoKB cancer gene); MLH1 (OncoKB cancer gene); PBRM1 (OncoKB cancer gene); RHOA (TCR / GTPase signalling); SETD2 (Epigenetic regulator); SETD5 (OncoKB cancer gene); TGFBR2 (OncoKB cancer gene)	3p21.1; -; 3p21.31	BAP1: HOMDEL 0.8%; NULL; NULL; NULL; NULL; PBRM1: HOMDEL 0.8%; RHOA: HOMDEL 0.8%; SETD2: HOMDEL 0.8%; NULL; NULL	NULL; NULL; CTNNB1: 0.8%; MITF: 2.3%; MLH1: 0.8%; PBRM1: 1.5%; RHOA: 30.5%; SETD2: 6.1%; SETD5: 1.0%; TGFBR2: 0.8%	Tier 1 (PTCL gene)	TRUE	TRUE	TRUE
B2_S15	0.2478	0.814842027335975	33	3	74000001	82000000	8	chr3:74-82Mb	-0.275269099191696	1	HETD	1	HETD	3p	LOSS	YES	ROBO1	1	ROBO1 (OncoKB cancer gene)	3p12.3	ROBO1: HOMDEL 1.0%	ROBO1: 3.9%	Tier 2 (cBioPortal CNA)	FALSE	TRUE	TRUE
B2_S15	0.2478	0.814842027335975	33	4	2000001	111000000	109	chr4:2-111Mb	0.0867622370640212	3	GAIN	3	GAIN	4q	GAIN	YES	EPHA5, KDR, KIT, PDGFRA, TET2	5	EPHA5 (OncoKB cancer gene); KDR (OncoKB cancer gene); KIT (OncoKB cancer gene); PDGFRA (OncoKB cancer gene); TET2 (Epigenetic regulator)	-	NULL; NULL; NULL; NULL; NULL	EPHA5: 0.8%; KDR: 1.5%; KIT: 1.5%; PDGFRA: 1.5%; TET2: 51.5%	Tier 1 (PTCL gene)	TRUE	FALSE	TRUE
B2_S15	0.2478	0.814842027335975	33	4	111000001	189000000	78	chr4:111-189Mb	0.333057691749544	5	HLAMP	5	HLAMP	4q	GAIN	YES	FAT1	1	FAT1 (Tumour suppressor)	-	NULL	FAT1: 7.6%	Tier 1 (PTCL gene)	TRUE	FALSE	TRUE
B2_S15	0.2478	0.814842027335975	33	5	1000001	181000000	180	chr5:1-181Mb	0.0831583848518807	3	GAIN	3	GAIN	5q	GAIN	YES	APC, ARHGEF28, FGFR4, FLT4, MAP3K1, NSD1, PDGFRB, PIK3R1, RAD50, RICTOR, TERT	11	APC (OncoKB cancer gene); ARHGEF28 (OncoKB cancer gene); FGFR4 (OncoKB cancer gene); FLT4 (OncoKB cancer gene); MAP3K1 (OncoKB cancer gene); NSD1 (OncoKB cancer gene); PDGFRB (OncoKB cancer gene); PIK3R1 (OncoKB cancer gene); RAD50 (OncoKB cancer gene); RICTOR (OncoKB cancer gene); TERT (Telomere maintenance)	-	NULL; NULL; NULL; NULL; NULL; NULL; NULL; NULL; NULL; NULL; NULL	APC: 0.8%; ARHGEF28: 2.0%; FGFR4: 1.5%; FLT4: 0.8%; MAP3K1: 1.5%; NSD1: 0.8%; PDGFRB: 0.8%; PIK3R1: 0.8%; RAD50: 0.8%; RICTOR: 0.8%; TERT: 2.3%	Tier 1 (PTCL gene)	TRUE	FALSE	TRUE
B2_S15	0.2478	0.814842027335975	33	7	1000001	52000000	51	chr7:1-52Mb	-0.0823418194587376	1	HETD	3	GAIN	7p	LOSS	YES	CARD11, IKZF1	2	CARD11 (TCR / NF-kB); IKZF1 (OncoKB cancer gene)	-	NULL; NULL	CARD11: 2.3%; IKZF1: 0.8%	Tier 1 (PTCL gene)	TRUE	FALSE	TRUE
B2_S15	0.2478	0.814842027335975	33	7	52000001	80000000	28	chr7:52-80Mb	-0.169161764324395	1	HETD	1	HETD	7q	GAIN	Discordant	EGFR	1	EGFR (OncoKB cancer gene)	-	NULL	EGFR: 2.3%	Tier 3 (cBioPortal mutated)	FALSE	FALSE	TRUE
B2_S15	0.2478	0.814842027335975	33	7	80000001	135000000	55	chr7:80-135Mb	0.198936104578261	4	AMP	4	AMP	7q	GAIN	YES	CDK6, CUX1, HGF, MET, PIK3CG, POT1, SMO	7	CDK6 (OncoKB cancer gene); CUX1 (OncoKB cancer gene); HGF (OncoKB cancer gene); MET (OncoKB cancer gene); PIK3CG (OncoKB cancer gene); POT1 (Telomere maintenance); SMO (OncoKB cancer gene)	7q21.2; -; 7q31.2; 7q22.3	CDK6: AMP 0.8%; NULL; NULL; MET: AMP 0.8%; PIK3CG: AMP 0.8%; NULL; NULL	CDK6: 0.8%; CUX1: 2.9%; HGF: 1.5%; MET: 0.8%; PIK3CG: 0.8%; POT1: 5.9%; SMO: 1.5%	Tier 1 (PTCL gene)	TRUE	TRUE	TRUE
B2_S15	0.2478	0.814842027335975	33	7	135000001	159000000	24	chr7:135-159Mb	0.0880318087000038	3	GAIN	3	GAIN	7q	GAIN	YES	BRAF, EZH2, KMT2C, MGAM	4	BRAF (OncoKB cancer gene); EZH2 (OncoKB cancer gene); KMT2C (Epigenetic regulator); MGAM (OncoKB cancer gene)	-	NULL; NULL; NULL; NULL	BRAF: 0.8%; EZH2: 0.8%; KMT2C: 2.3%; MGAM: 2.0%	Tier 1 (PTCL gene)	TRUE	FALSE	TRUE
B2_S15	0.2478	0.814842027335975	33	8	72000001	111000000	39	chr8:72-111Mb	0.0600478529918805	3	GAIN	3	GAIN	8q	NEUTRAL	Focal (arm neutral)	RUNX1T1, UBR5	2	RUNX1T1 (OncoKB cancer gene); UBR5 (OncoKB cancer gene)	8q21.3; -	RUNX1T1: HOMDEL 1.0%; NULL	RUNX1T1: 1.0%; UBR5: 1.0%	Tier 2 (cBioPortal CNA)	FALSE	TRUE	TRUE
B2_S15	0.2478	0.814842027335975	33	8	138000001	145000000	7	chr8:138-145Mb	0.0478758349319001	3	GAIN	3	GAIN	8q	NEUTRAL	Focal (arm neutral)	none	0	-	-	-	-	No known cancer gene	FALSE	FALSE	FALSE
B2_S15	0.2478	0.814842027335975	33	9	1000001	138000000	137	chr9:1-138Mb	0.0407258383092547	3	GAIN	3	GAIN	9q	GAIN	YES	ABL1, CD274, CDKN2A, CDKN2B, FANCC, GNAQ, MOB3B, NOTCH1, NTRK2, PAX5, PTCH1, SYK	12	ABL1 (OncoKB cancer gene); CD274 (Immune evasion); CDKN2A (Tumour suppressor); CDKN2B (Tumour suppressor); FANCC (OncoKB cancer gene); GNAQ (OncoKB cancer gene); MOB3B (OncoKB cancer gene); NOTCH1 (Signalling); NTRK2 (OncoKB cancer gene); PAX5 (OncoKB cancer gene); PTCH1 (OncoKB cancer gene); SYK (TCR signalling)	-; 9p21.3; 9q22.32; 9q21.2; 9q21.33; 9q22.2	NULL; NULL; CDKN2A: HOMDEL 2.3%; CDKN2B: HOMDEL 1.5%; FANCC: HOMDEL 0.8%; GNAQ: HOMDEL 0.8%; NULL; NULL; NTRK2: HOMDEL 0.8%; NULL; PTCH1: HOMDEL 0.8%; SYK: HOMDEL 0.8%	ABL1: 0.8%; CD274: 0.8%; CDKN2A: 2.3%; NULL; NULL; NULL; MOB3B: 1.0%; NOTCH1: 2.3%; NTRK2: 0.8%; PAX5: 0.8%; PTCH1: 0.8%; NULL	Tier 1 (PTCL gene)	TRUE	TRUE	TRUE
B2_S15	0.2478	0.814842027335975	33	10	1000001	34000000	33	chr10:1-34Mb	-0.0487414519564336	1	HETD	3	GAIN	10p	LOSS	YES	GATA3	1	GATA3 (Transcription factor)	10p14	GATA3: AMP 0.8%	GATA3: 0.8%	Tier 1 (PTCL gene)	TRUE	TRUE	TRUE
B2_S15	0.2478	0.814842027335975	33	11	1000001	60000000	59	chr11:1-60Mb	0.0213446731299522	3	GAIN	3	GAIN	11p	GAIN	YES	none	0	-	-	-	-	No known cancer gene	FALSE	FALSE	FALSE
B2_S15	0.2478	0.814842027335975	33	11	60000001	106000000	46	chr11:60-106Mb	0.263991552057067	4	AMP	4	AMP	11q	GAIN	YES	BIRC3, CCND1, FGF3, MRE11	4	BIRC3 (OncoKB cancer gene); CCND1 (OncoKB cancer gene); FGF3 (OncoKB cancer gene); MRE11 (OncoKB cancer gene)	-	NULL; NULL; NULL; NULL	BIRC3: 0.8%; CCND1: 0.8%; FGF3: 1.5%; MRE11: 0.8%	Tier 3 (cBioPortal mutated)	FALSE	FALSE	TRUE
B2_S15	0.2478	0.814842027335975	33	11	106000001	135000000	29	chr11:106-135Mb	0.0428336157639935	3	GAIN	3	GAIN	11q	GAIN	YES	ATM, CHEK1	2	ATM (DNA damage response); CHEK1 (OncoKB cancer gene)	11q22.3; -	ATM: HOMDEL 0.8%; NULL	ATM: 2.3%; CHEK1: 0.8%	Tier 1 (PTCL gene)	TRUE	TRUE	TRUE
B2_S15	0.2478	0.814842027335975	33	12	1000001	132000000	131	chr12:1-132Mb	-0.076165641988692	1	HETD	3	GAIN	12q	LOSS	YES	ARID2, BTG1, DTX1, EP400, ERBB3, ETV6, HNF1A, KMT2D, KMT5A, KRAS, KSR2, NCOR2, PIK3C2G, SETD1B, SH2B3	15	ARID2 (Chromatin remodelling); BTG1 (OncoKB cancer gene); DTX1 (Signalling); EP400 (OncoKB cancer gene); ERBB3 (OncoKB cancer gene); ETV6 (OncoKB cancer gene); HNF1A (OncoKB cancer gene); KMT2D (Epigenetic regulator); KMT5A (OncoKB cancer gene); KRAS (OncoKB cancer gene); KSR2 (OncoKB cancer gene); NCOR2 (OncoKB cancer gene); PIK3C2G (OncoKB cancer gene); SETD1B (Epigenetic regulator); SH2B3 (OncoKB cancer gene)	-; 12q21.33; 12q24.31	NULL; BTG1: AMP 1.0%; NULL; NULL; NULL; NULL; NULL; NULL; KMT5A: HOMDEL 1.0%; NULL; NULL; NCOR2: HOMDEL 1.0%; NULL; NULL; NULL	ARID2: 3.1%; NULL; DTX1: 2.9%; EP400: 1.0%; ERBB3: 0.8%; ETV6: 0.8%; HNF1A: 0.8%; KMT2D: 4.6%; NULL; KRAS: 1.5%; KSR2: 4.9%; NCOR2: 2.9%; PIK3C2G: 3.1%; SETD1B: 2.0%; SH2B3: 1.5%	Tier 1 (PTCL gene)	TRUE	TRUE	TRUE
B2_S15	0.2478	0.814842027335975	33	13	20000001	93000000	73	chr13:20-93Mb	-0.0683375786968284	1	HETD	3	GAIN	13q	LOSS	YES	BRCA2, CDK8, FLT1, FLT3, LATS2	5	BRCA2 (OncoKB cancer gene); CDK8 (OncoKB cancer gene); FLT1 (OncoKB cancer gene); FLT3 (OncoKB cancer gene); LATS2 (OncoKB cancer gene)	-	NULL; NULL; NULL; NULL; NULL	BRCA2: 0.8%; CDK8: 0.8%; FLT1: 0.8%; FLT3: 1.5%; LATS2: 3.4%	Tier 3 (cBioPortal mutated)	FALSE	FALSE	TRUE
B2_S15	0.2478	0.814842027335975	33	13	93000001	108000000	15	chr13:93-108Mb	-0.263225480990355	1	HETD	1	HETD	13q	LOSS	YES	none	0	-	-	-	-	No known cancer gene	FALSE	FALSE	FALSE
B2_S15	0.2478	0.814842027335975	33	13	108000001	113000000	5	chr13:108-113Mb	-0.0480100055707029	1	HETD	3	GAIN	13q	LOSS	YES	IRS2	1	IRS2 (OncoKB cancer gene)	-	NULL	IRS2: 0.8%	Tier 3 (cBioPortal mutated)	FALSE	FALSE	TRUE
B2_S15	0.2478	0.814842027335975	33	14	20000001	105000000	85	chr14:20-105Mb	0.0547733599223905	3	GAIN	3	GAIN	14q	GAIN	YES	AKT1, ARID4A, BCL11B, NKX2-1, TSHR	5	AKT1 (OncoKB cancer gene); ARID4A (OncoKB cancer gene); BCL11B (OncoKB cancer gene); NKX2-1 (OncoKB cancer gene); TSHR (OncoKB cancer gene)	-; 14q13.3	NULL; NULL; NULL; NKX2-1: HOMDEL 0.8%; NULL	AKT1: 0.8%; ARID4A: 1.0%; BCL11B: 1.0%; NKX2-1: 0.8%; TSHR: 0.8%	Tier 2 (cBioPortal CNA)	FALSE	TRUE	TRUE
B2_S15	0.2478	0.814842027335975	33	15	25000001	84000000	59	chr15:25-84Mb	0.0901222738142518	3	GAIN	3	GAIN	15q	GAIN	YES	B2M	1	B2M (Immune evasion)	-	NULL	NULL	Tier 1 (PTCL gene)	TRUE	FALSE	FALSE
B2_S15	0.2478	0.814842027335975	33	15	86000001	101000000	15	chr15:86-101Mb	-0.235863326844855	1	HETD	1	HETD	15q	GAIN	Discordant	IDH2, IGF1R	2	IDH2 (Epigenetic regulator); IGF1R (OncoKB cancer gene)	15q26.1; 15q26.3	IDH2: HOMDEL 0.8%; IGF1R: HOMDEL 0.8%	IDH2: 11.4%; IGF1R: 1.5%	Tier 1 (PTCL gene)	TRUE	TRUE	TRUE
B2_S15	0.2478	0.814842027335975	33	16	1000001	90000000	89	chr16:1-90Mb	0.0735125258084971	3	GAIN	3	GAIN	16q	GAIN	YES	CDH1, CIITA, CREBBP, FANCA, GRIN2A, PALB2, PLCG2, PRKCB, SOCS1, TSC2	10	CDH1 (OncoKB cancer gene); CIITA (OncoKB cancer gene); CREBBP (Epigenetic regulator); FANCA (OncoKB cancer gene); GRIN2A (OncoKB cancer gene); PALB2 (OncoKB cancer gene); PLCG2 (OncoKB cancer gene); PRKCB (Subtype-specific — ATLL); SOCS1 (JAK-STAT); TSC2 (OncoKB cancer gene)	-; 16p13.3; 16p13.13	NULL; NULL; CREBBP: HOMDEL 0.8%; NULL; NULL; NULL; NULL; NULL; SOCS1: HOMDEL 0.8%; NULL	CDH1: 0.8%; CIITA: 1.0%; CREBBP: 3.1%; FANCA: 1.5%; GRIN2A: 3.1%; PALB2: 1.5%; PLCG2: 0.8%; NULL; SOCS1: 3.1%; TSC2: 0.8%	Tier 1 (PTCL gene)	TRUE	TRUE	TRUE
B2_S15	0.2478	0.814842027335975	33	17	1000001	18000000	17	chr17:1-18Mb	-0.137110851296005	1	HETD	1	HETD	17p	LOSS	YES	ALOX12B, AURKB, FLCN, NCOR1, TP53	5	ALOX12B (OncoKB cancer gene); AURKB (OncoKB cancer gene); FLCN (OncoKB cancer gene); NCOR1 (OncoKB cancer gene); TP53 (Tumour suppressor)	17p13.1; 17p11.2; 17p12-p11.2	ALOX12B: HOMDEL 0.8%; AURKB: HOMDEL 0.8%; FLCN: HOMDEL 0.8%; NCOR1: HOMDEL 0.8%; TP53: HOMDEL 2.3%	ALOX12B: 0.8%; NULL; NULL; NCOR1: 1.5%; TP53: 15.9%	Tier 1 (PTCL gene)	TRUE	TRUE	TRUE
B2_S15	0.2478	0.814842027335975	33	17	28000001	83000000	55	chr17:28-83Mb	0.211745793846314	4	AMP	4	AMP	17q	GAIN	YES	ACTG1, CDK12, ERBB2, IKZF3, NF1, RARA, RPTOR, SRSF2, STAT3, STAT5B	10	ACTG1 (OncoKB cancer gene); CDK12 (OncoKB cancer gene); ERBB2 (OncoKB cancer gene); IKZF3 (OncoKB cancer gene); NF1 (OncoKB cancer gene); RARA (OncoKB cancer gene); RPTOR (OncoKB cancer gene); SRSF2 (OncoKB cancer gene); STAT3 (JAK-STAT); STAT5B (JAK-STAT)	-; 17q12; 17q12-q21.1	NULL; NULL; ERBB2: HOMDEL 0.8%; IKZF3: AMP 1.0%; NULL; NULL; NULL; NULL; NULL; NULL	ACTG1: 1.0%; CDK12: 2.3%; NULL; IKZF3: 1.0%; NF1: 1.5%; RARA: 3.1%; RPTOR: 1.5%; SRSF2: 1.5%; STAT3: 7.6%; STAT5B: 3.8%	Tier 1 (PTCL gene)	TRUE	TRUE	TRUE
B2_S15	0.2478	0.814842027335975	33	18	1000001	80000000	79	chr18:1-80Mb	0.0622580617945224	3	GAIN	3	GAIN	18q	GAIN	YES	BCL2, PIK3C3, PTPN2, SETBP1	4	BCL2 (Oncogene / CNA); PIK3C3 (OncoKB cancer gene); PTPN2 (OncoKB cancer gene); SETBP1 (OncoKB cancer gene)	-	NULL; NULL; NULL; NULL	NULL; PIK3C3: 1.5%; PTPN2: 1.0%; SETBP1: 1.0%	Tier 1 (PTCL gene)	TRUE	FALSE	TRUE
B2_S15	0.2478	0.814842027335975	33	19	1000001	58000000	57	chr19:1-58Mb	-0.154212558310703	1	HETD	1	HETD	19q	LOSS	YES	AXL, BRD4, CALR, CD79A, CIC, DOT1L, ERCC2, GNA11, JAK3, KEAP1, NOTCH3, PIK3R2, PPP2R1A, PTPRS, SMARCA4, STK11, VAV1	17	AXL (OncoKB cancer gene); BRD4 (OncoKB cancer gene); CALR (OncoKB cancer gene); CD79A (OncoKB cancer gene); CIC (OncoKB cancer gene); DOT1L (OncoKB cancer gene); ERCC2 (OncoKB cancer gene); GNA11 (OncoKB cancer gene); JAK3 (JAK-STAT); KEAP1 (OncoKB cancer gene); NOTCH3 (Signalling); PIK3R2 (OncoKB cancer gene); PPP2R1A (OncoKB cancer gene); PTPRS (OncoKB cancer gene); SMARCA4 (OncoKB cancer gene); STK11 (OncoKB cancer gene); VAV1 (TCR / GTPase signalling)	-; 19q13.2; 19p13.3; 19p13.2	NULL; NULL; NULL; NULL; CIC: HOMDEL 0.8%; DOT1L: HOMDEL 0.8%; NULL; GNA11: HOMDEL 0.8%; NULL; NULL; NULL; NULL; NULL; NULL; SMARCA4: HOMDEL 0.8%; STK11: HOMDEL 0.8%; VAV1: AMP 1.0%	AXL: 0.8%; BRD4: 1.5%; CALR: 0.8%; CD79A: 0.8%; CIC: 1.5%; DOT1L: 0.8%; ERCC2: 3.4%; NULL; JAK3: 3.0%; KEAP1: 0.8%; NOTCH3: 2.3%; PIK3R2: 1.5%; PPP2R1A: 0.8%; PTPRS: 3.4%; SMARCA4: 0.8%; NULL; VAV1: 4.9%	Tier 1 (PTCL gene)	TRUE	TRUE	TRUE
B2_S15	0.2478	0.814842027335975	33	20	1000001	34000000	33	chr20:1-34Mb	0.339046318864274	5	HLAMP	5	HLAMP	20p	GAIN	YES	ASXL1, PAK5	2	ASXL1 (OncoKB cancer gene); PAK5 (OncoKB cancer gene)	-	NULL; NULL	ASXL1: 2.3%; PAK5: 1.5%	Tier 3 (cBioPortal mutated)	FALSE	FALSE	TRUE
B2_S15	0.2478	0.814842027335975	33	20	34000001	64000000	30	chr20:34-64Mb	0.220161034019819	4	AMP	4	AMP	20q	GAIN	YES	AURKA, GNAS, NCOA3, PLCG1, PTPN1, PTPRT, SRC	7	AURKA (OncoKB cancer gene); GNAS (OncoKB cancer gene); NCOA3 (OncoKB cancer gene); PLCG1 (TCR signalling); PTPN1 (OncoKB cancer gene); PTPRT (OncoKB cancer gene); SRC (OncoKB cancer gene)	-; 20q11.23	NULL; NULL; NULL; NULL; NULL; NULL; SRC: HOMDEL 0.8%	AURKA: 0.8%; GNAS: 2.3%; NCOA3: 3.4%; PLCG1: 7.8%; PTPN1: 2.0%; PTPRT: 3.4%; NULL	Tier 1 (PTCL gene)	TRUE	TRUE	TRUE
B2_S15	0.2478	0.814842027335975	33	21	14000001	46000000	32	chr21:14-46Mb	0.37550610793762	5	HLAMP	5	HLAMP	21q	GAIN	YES	ERG, RUNX1, SETD4, U2AF1	4	ERG (OncoKB cancer gene); RUNX1 (OncoKB cancer gene); SETD4 (OncoKB cancer gene); U2AF1 (OncoKB cancer gene)	21q22.2; 21q22.12; 21q22.3	ERG: AMP 0.8%; RUNX1: AMP 0.8%; SETD4: AMP 1.0%; U2AF1: AMP 0.8%	ERG: 0.8%; NULL; NULL; NULL	Tier 2 (cBioPortal CNA)	FALSE	TRUE	TRUE
B2_S15	0.2478	0.814842027335975	33	22	19000001	49000000	30	chr22:19-49Mb	0.0687343198330728	3	GAIN	3	GAIN	22q	GAIN	YES	CHEK2, EP300, MAPK1, NF2, XBP1	5	CHEK2 (OncoKB cancer gene); EP300 (Epigenetic regulator); MAPK1 (OncoKB cancer gene); NF2 (OncoKB cancer gene); XBP1 (OncoKB cancer gene)	22q12.1; 22q13.2; -; 22q12.2	CHEK2: HOMDEL 0.8%; EP300: AMP 0.8%; NULL; NF2: AMP 0.8%; XBP1: HOMDEL 1.0%	NULL; EP300: 2.3%; MAPK1: 0.8%; NULL; NULL	Tier 1 (PTCL gene)	TRUE	TRUE	TRUE
B2_S16	0.3281	0.354336540975359	14	1	17000001	32000000	15	chr1:17-32Mb	-0.261839051056061	1	HETD	1	HETD	1p	NEUTRAL	Focal (arm neutral)	ARID1A, YTHDF2	2	ARID1A (Chromatin remodelling); YTHDF2 (Epigenetic regulator)	-	NULL; NULL	ARID1A: 0.8%; NULL	Tier 1 (PTCL gene)	TRUE	FALSE	TRUE
B2_S16	0.3281	0.354336540975359	14	1	172000001	176000000	4	chr1:172-176Mb	-0.271541175206039	1	HETD	1	HETD	1q	NEUTRAL	Focal (arm neutral)	none	0	-	-	-	-	No known cancer gene	FALSE	FALSE	FALSE
B2_S16	0.3281	0.354336540975359	14	1	201000001	211000000	10	chr1:201-211Mb	0.0918434089980322	3	GAIN	3	GAIN	1q	NEUTRAL	Focal (arm neutral)	none	0	-	-	-	-	No known cancer gene	FALSE	FALSE	FALSE
B2_S16	0.3281	0.354336540975359	14	2	220000001	226000000	6	chr2:220-226Mb	-0.172755517671249	1	HETD	1	HETD	2q	NEUTRAL	Focal (arm neutral)	none	0	-	-	-	-	No known cancer gene	FALSE	FALSE	FALSE
B2_S16	0.3281	0.354336540975359	14	2	232000001	242000000	10	chr2:232-242Mb	-0.266128183412624	1	HETD	1	HETD	2q	NEUTRAL	Focal (arm neutral)	HDAC4, PDCD1	2	HDAC4 (OncoKB cancer gene); PDCD1 (TCR / immune checkpoint)	2q37.3	HDAC4: HOMDEL 2.0%; PDCD1: HOMDEL 1.5%	NULL; NULL	Tier 1 (PTCL gene)	TRUE	TRUE	FALSE
B2_S16	0.3281	0.354336540975359	14	3	102000001	137000000	35	chr3:102-137Mb	-0.151180013334755	1	HETD	1	HETD	3q	NEUTRAL	Focal (arm neutral)	EPHB1, STAG1	2	EPHB1 (OncoKB cancer gene); STAG1 (OncoKB cancer gene)	-	NULL; NULL	EPHB1: 1.5%; STAG1: 1.0%	Tier 3 (cBioPortal mutated)	FALSE	FALSE	TRUE
B2_S16	0.3281	0.354336540975359	14	4	179000001	189000000	10	chr4:179-189Mb	-0.35366226232352	1	HETD	1	HETD	4q	NEUTRAL	Focal (arm neutral)	FAT1	1	FAT1 (Tumour suppressor)	-	NULL	FAT1: 7.6%	Tier 1 (PTCL gene)	TRUE	FALSE	TRUE
B2_S16	0.3281	0.354336540975359	14	6	89000001	170000000	81	chr6:89-170Mb	-0.162293093234722	1	HETD	1	HETD	6q	LOSS	YES	ARID1B, BACH2, EPHA7, ESR1, FOXO3, FYN, PRDM1, ROS1, SGK1, TNFAIP3	10	ARID1B (OncoKB cancer gene); BACH2 (Transcription factor); EPHA7 (OncoKB cancer gene); ESR1 (OncoKB cancer gene); FOXO3 (Tumour suppressor); FYN (TCR / kinase signalling); PRDM1 (Tumour suppressor); ROS1 (OncoKB cancer gene); SGK1 (OncoKB cancer gene); TNFAIP3 (Tumour suppressor)	-; 6q15; 6q16.1; 6q25.1-q25.2; 6q23.3	NULL; BACH2: AMP 1.0%; EPHA7: HOMDEL 0.8%; ESR1: HOMDEL 0.8%; NULL; NULL; NULL; NULL; NULL; TNFAIP3: HOMDEL 0.8%	ARID1B: 0.8%; NULL; EPHA7: 2.3%; ESR1: 0.8%; NULL; FYN: 0.8%; PRDM1: 1.5%; ROS1: 1.5%; SGK1: 1.0%; TNFAIP3: 3.1%	Tier 1 (PTCL gene)	TRUE	TRUE	TRUE
B2_S16	0.3281	0.354336540975359	14	7	1000001	9000000	8	chr7:1-9Mb	0.0800464916486831	3	GAIN	3	GAIN	7p	NEUTRAL	Focal (arm neutral)	CARD11	1	CARD11 (TCR / NF-kB)	-	NULL	CARD11: 2.3%	Tier 1 (PTCL gene)	TRUE	FALSE	TRUE
B2_S16	0.3281	0.354336540975359	14	7	36000001	52000000	16	chr7:36-52Mb	0.0922589051698083	3	GAIN	3	GAIN	7p	NEUTRAL	Focal (arm neutral)	IKZF1	1	IKZF1 (OncoKB cancer gene)	-	NULL	IKZF1: 0.8%	Tier 3 (cBioPortal mutated)	FALSE	FALSE	TRUE
B2_S16	0.3281	0.354336540975359	14	7	52000001	72000000	20	chr7:52-72Mb	-0.094199329999804	1	HETD	1	HETD	7q	GAIN	Discordant	EGFR	1	EGFR (OncoKB cancer gene)	-	NULL	EGFR: 2.3%	Tier 3 (cBioPortal mutated)	FALSE	FALSE	TRUE
B2_S16	0.3281	0.354336540975359	14	7	78000001	159000000	81	chr7:78-159Mb	0.0861967006079929	3	GAIN	3	GAIN	7q	GAIN	YES	BRAF, CDK6, CUX1, EZH2, HGF, KMT2C, MET, MGAM, PIK3CG, POT1, SMO	11	BRAF (OncoKB cancer gene); CDK6 (OncoKB cancer gene); CUX1 (OncoKB cancer gene); EZH2 (OncoKB cancer gene); HGF (OncoKB cancer gene); KMT2C (Epigenetic regulator); MET (OncoKB cancer gene); MGAM (OncoKB cancer gene); PIK3CG (OncoKB cancer gene); POT1 (Telomere maintenance); SMO (OncoKB cancer gene)	-; 7q21.2; 7q31.2; 7q22.3	NULL; CDK6: AMP 0.8%; NULL; NULL; NULL; NULL; MET: AMP 0.8%; NULL; PIK3CG: AMP 0.8%; NULL; NULL	BRAF: 0.8%; CDK6: 0.8%; CUX1: 2.9%; EZH2: 0.8%; HGF: 1.5%; KMT2C: 2.3%; MET: 0.8%; MGAM: 2.0%; PIK3CG: 0.8%; POT1: 5.9%; SMO: 1.5%	Tier 1 (PTCL gene)	TRUE	TRUE	TRUE
B2_S16	0.3281	0.354336540975359	14	8	1000001	25000000	24	chr8:1-25Mb	0.0500903718196649	3	GAIN	3	GAIN	8p	GAIN	YES	none	0	-	-	-	-	No known cancer gene	FALSE	FALSE	FALSE
B2_S16	0.3281	0.354336540975359	14	8	25000001	33000000	8	chr8:25-33Mb	-0.216890444362124	1	HETD	1	HETD	8p	GAIN	Discordant	none	0	-	-	-	-	No known cancer gene	FALSE	FALSE	FALSE
B2_S16	0.3281	0.354336540975359	14	8	48000001	145000000	97	chr8:48-145Mb	0.0611818112940193	3	GAIN	3	GAIN	8q	GAIN	YES	MYC, RAD21, RUNX1T1, UBR5	4	MYC (Oncogene / CNA); RAD21 (OncoKB cancer gene); RUNX1T1 (OncoKB cancer gene); UBR5 (OncoKB cancer gene)	-; 8q21.3	NULL; NULL; RUNX1T1: HOMDEL 1.0%; NULL	NULL; RAD21: 0.8%; RUNX1T1: 1.0%; UBR5: 1.0%	Tier 1 (PTCL gene)	TRUE	TRUE	TRUE
B2_S16	0.3281	0.354336540975359	14	9	72000001	88000000	16	chr9:72-88Mb	-0.268525942570581	1	HETD	1	HETD	9q	NEUTRAL	Focal (arm neutral)	GNAQ, NTRK2	2	GNAQ (OncoKB cancer gene); NTRK2 (OncoKB cancer gene)	9q21.2; 9q21.33	GNAQ: HOMDEL 0.8%; NTRK2: HOMDEL 0.8%	NULL; NTRK2: 0.8%	Tier 2 (cBioPortal CNA)	FALSE	TRUE	TRUE
B2_S16	0.3281	0.354336540975359	14	9	88000001	94000000	6	chr9:88-94Mb	0.0702751181367424	3	GAIN	3	GAIN	9q	NEUTRAL	Focal (arm neutral)	SYK	1	SYK (TCR signalling)	9q22.2	SYK: HOMDEL 0.8%	NULL	Tier 1 (PTCL gene)	TRUE	TRUE	FALSE
B2_S16	0.3281	0.354336540975359	14	9	95000001	105000000	10	chr9:95-105Mb	-0.304505314195311	1	HETD	1	HETD	9q	NEUTRAL	Focal (arm neutral)	FANCC, PTCH1	2	FANCC (OncoKB cancer gene); PTCH1 (OncoKB cancer gene)	9q22.32	FANCC: HOMDEL 0.8%; PTCH1: HOMDEL 0.8%	NULL; PTCH1: 0.8%	Tier 2 (cBioPortal CNA)	FALSE	TRUE	TRUE
B2_S16	0.3281	0.354336540975359	14	9	128000001	138000000	10	chr9:128-138Mb	0.240024059342779	3	GAIN	3	GAIN	9q	NEUTRAL	Focal (arm neutral)	ABL1, NOTCH1	2	ABL1 (OncoKB cancer gene); NOTCH1 (Signalling)	-	NULL; NULL	ABL1: 0.8%; NOTCH1: 2.3%	Tier 1 (PTCL gene)	TRUE	FALSE	TRUE
B2_S16	0.3281	0.354336540975359	14	10	1000001	27000000	26	chr10:1-27Mb	0.161674177062181	3	GAIN	3	GAIN	10p	GAIN	YES	GATA3	1	GATA3 (Transcription factor)	10p14	GATA3: AMP 0.8%	GATA3: 0.8%	Tier 1 (PTCL gene)	TRUE	TRUE	TRUE
B2_S16	0.3281	0.354336540975359	14	10	27000001	83000000	56	chr10:27-83Mb	-0.290039411020317	1	HETD	1	HETD	10q	LOSS	YES	ARID5B, RET, TET1	3	ARID5B (OncoKB cancer gene); RET (OncoKB cancer gene); TET1 (OncoKB cancer gene)	10q21.2; 10q11.21; -	ARID5B: HOMDEL 0.8%; AMP 0.8%; RET: AMP 0.8%; NULL	ARID5B: 1.5%; RET: 0.8%; TET1: 0.8%	Tier 2 (cBioPortal CNA)	FALSE	TRUE	TRUE
B2_S16	0.3281	0.354336540975359	14	10	83000001	96000000	13	chr10:83-96Mb	0.19280032256936	3	GAIN	3	GAIN	10q	LOSS	Discordant	FAS, PTEN	2	FAS (Apoptosis / immune evasion); PTEN (Tumour suppressor)	10q23.31	FAS: HOMDEL 2.0%; PTEN: HOMDEL 3.0%	FAS: 5.9%; PTEN: 0.8%	Tier 1 (PTCL gene)	TRUE	TRUE	TRUE
B2_S16	0.3281	0.354336540975359	14	10	96000001	133000000	37	chr10:96-133Mb	-0.277884705300828	1	HETD	1	HETD	10q	LOSS	YES	SMC3, SUFU	2	SMC3 (OncoKB cancer gene); SUFU (OncoKB cancer gene)	-	NULL; NULL	SMC3: 1.0%; SUFU: 0.8%	Tier 3 (cBioPortal mutated)	FALSE	FALSE	TRUE
B2_S16	0.3281	0.354336540975359	14	11	78000001	135000000	57	chr11:78-135Mb	0.101357982792695	3	GAIN	3	GAIN	11q	GAIN	YES	ATM, BIRC3, CHEK1, MRE11	4	ATM (DNA damage response); BIRC3 (OncoKB cancer gene); CHEK1 (OncoKB cancer gene); MRE11 (OncoKB cancer gene)	11q22.3; -	ATM: HOMDEL 0.8%; NULL; NULL; NULL	ATM: 2.3%; BIRC3: 0.8%; CHEK1: 0.8%; MRE11: 0.8%	Tier 1 (PTCL gene)	TRUE	TRUE	TRUE
B2_S16	0.3281	0.354336540975359	14	14	20000001	41000000	21	chr14:20-41Mb	-0.266361900009247	1	HETD	1	HETD	14q	NEUTRAL	Focal (arm neutral)	NKX2-1	1	NKX2-1 (OncoKB cancer gene)	14q13.3	NKX2-1: HOMDEL 0.8%	NKX2-1: 0.8%	Tier 2 (cBioPortal CNA)	FALSE	TRUE	TRUE
B2_S16	0.3281	0.354336540975359	14	14	77000001	97000000	20	chr14:77-97Mb	-0.17244389554241699	1	HETD	1	HETD	14q	NEUTRAL	Focal (arm neutral)	TSHR	1	TSHR (OncoKB cancer gene)	-	NULL	TSHR: 0.8%	Tier 3 (cBioPortal mutated)	FALSE	FALSE	TRUE
B2_S16	0.3281	0.354336540975359	14	16	1000001	28000000	27	chr16:1-28Mb	0.212990839666601	3	GAIN	3	GAIN	16p	GAIN	YES	CIITA, CREBBP, GRIN2A, PALB2, PRKCB, SOCS1, TSC2	7	CIITA (OncoKB cancer gene); CREBBP (Epigenetic regulator); GRIN2A (OncoKB cancer gene); PALB2 (OncoKB cancer gene); PRKCB (Subtype-specific — ATLL); SOCS1 (JAK-STAT); TSC2 (OncoKB cancer gene)	-; 16p13.3; 16p13.13	NULL; CREBBP: HOMDEL 0.8%; NULL; NULL; NULL; SOCS1: HOMDEL 0.8%; NULL	CIITA: 1.0%; CREBBP: 3.1%; GRIN2A: 3.1%; PALB2: 1.5%; NULL; SOCS1: 3.1%; TSC2: 0.8%	Tier 1 (PTCL gene)	TRUE	TRUE	TRUE
B2_S16	0.3281	0.354336540975359	14	16	47000001	90000000	43	chr16:47-90Mb	-0.292360707341108	1	HETD	1	HETD	16q	LOSS	YES	CDH1, FANCA, PLCG2	3	CDH1 (OncoKB cancer gene); FANCA (OncoKB cancer gene); PLCG2 (OncoKB cancer gene)	-	NULL; NULL; NULL	CDH1: 0.8%; FANCA: 1.5%; PLCG2: 0.8%	Tier 3 (cBioPortal mutated)	FALSE	FALSE	TRUE
B2_S16	0.3281	0.354336540975359	14	17	1000001	18000000	17	chr17:1-18Mb	-0.307588353497691	1	HETD	1	HETD	17p	LOSS	YES	ALOX12B, AURKB, FLCN, NCOR1, TP53	5	ALOX12B (OncoKB cancer gene); AURKB (OncoKB cancer gene); FLCN (OncoKB cancer gene); NCOR1 (OncoKB cancer gene); TP53 (Tumour suppressor)	17p13.1; 17p11.2; 17p12-p11.2	ALOX12B: HOMDEL 0.8%; AURKB: HOMDEL 0.8%; FLCN: HOMDEL 0.8%; NCOR1: HOMDEL 0.8%; TP53: HOMDEL 2.3%	ALOX12B: 0.8%; NULL; NULL; NCOR1: 1.5%; TP53: 15.9%	Tier 1 (PTCL gene)	TRUE	TRUE	TRUE
B2_S16	0.3281	0.354336540975359	14	17	28000001	83000000	55	chr17:28-83Mb	0.147384282682176	3	GAIN	3	GAIN	17q	GAIN	YES	ACTG1, CDK12, ERBB2, IKZF3, NF1, RARA, RPTOR, SRSF2, STAT3, STAT5B	10	ACTG1 (OncoKB cancer gene); CDK12 (OncoKB cancer gene); ERBB2 (OncoKB cancer gene); IKZF3 (OncoKB cancer gene); NF1 (OncoKB cancer gene); RARA (OncoKB cancer gene); RPTOR (OncoKB cancer gene); SRSF2 (OncoKB cancer gene); STAT3 (JAK-STAT); STAT5B (JAK-STAT)	-; 17q12; 17q12-q21.1	NULL; NULL; ERBB2: HOMDEL 0.8%; IKZF3: AMP 1.0%; NULL; NULL; NULL; NULL; NULL; NULL	ACTG1: 1.0%; CDK12: 2.3%; NULL; IKZF3: 1.0%; NF1: 1.5%; RARA: 3.1%; RPTOR: 1.5%; SRSF2: 1.5%; STAT3: 7.6%; STAT5B: 3.8%	Tier 1 (PTCL gene)	TRUE	TRUE	TRUE
B2_S16	0.3281	0.354336540975359	14	18	1000001	80000000	79	chr18:1-80Mb	0.0764801495076058	3	GAIN	3	GAIN	18q	GAIN	YES	BCL2, PIK3C3, PTPN2, SETBP1	4	BCL2 (Oncogene / CNA); PIK3C3 (OncoKB cancer gene); PTPN2 (OncoKB cancer gene); SETBP1 (OncoKB cancer gene)	-	NULL; NULL; NULL; NULL	NULL; PIK3C3: 1.5%; PTPN2: 1.0%; SETBP1: 1.0%	Tier 1 (PTCL gene)	TRUE	FALSE	TRUE
B2_S16	0.3281	0.354336540975359	14	19	36000001	42000000	6	chr19:36-42Mb	-0.309435003150028	1	HETD	1	HETD	19q	NEUTRAL	Focal (arm neutral)	AXL, CD79A	2	AXL (OncoKB cancer gene); CD79A (OncoKB cancer gene)	-	NULL; NULL	AXL: 0.8%; CD79A: 0.8%	Tier 3 (cBioPortal mutated)	FALSE	FALSE	TRUE
B2_S16	0.3281	0.354336540975359	14	21	14000001	46000000	32	chr21:14-46Mb	0.0938675101403996	3	GAIN	3	GAIN	21q	GAIN	YES	ERG, RUNX1, SETD4, U2AF1	4	ERG (OncoKB cancer gene); RUNX1 (OncoKB cancer gene); SETD4 (OncoKB cancer gene); U2AF1 (OncoKB cancer gene)	21q22.2; 21q22.12; 21q22.3	ERG: AMP 0.8%; RUNX1: AMP 0.8%; SETD4: AMP 1.0%; U2AF1: AMP 0.8%	ERG: 0.8%; NULL; NULL; NULL	Tier 2 (cBioPortal CNA)	FALSE	TRUE	TRUE
B3_S01	0.03636	0.342690483399962	13	1	1000001	56000000	55	chr1:1-56Mb	0.0518591159397947	3	GAIN	3	GAIN	1p	NEUTRAL	Focal (arm neutral)	ARID1A, CDKN2C, LCK, MTOR, MYCL, SPEN, YTHDF2	7	ARID1A (Chromatin remodelling); CDKN2C (OncoKB cancer gene); LCK (TCR signalling); MTOR (OncoKB cancer gene); MYCL (OncoKB cancer gene); SPEN (OncoKB cancer gene); YTHDF2 (Epigenetic regulator)	-	NULL; NULL; NULL; NULL; NULL; NULL; NULL	ARID1A: 0.8%; CDKN2C: 0.8%; LCK: 2.0%; MTOR: 0.8%; MYCL: 0.8%; SPEN: 0.8%; NULL	Tier 1 (PTCL gene)	TRUE	FALSE	TRUE
B3_S01	0.03636	0.342690483399962	13	2	1000001	206000000	205	chr2:1-206Mb	0.0658402735810496	5	HLAMP	5	HLAMP	2q	GAIN	YES	ALK, ARID5A, ASXL2, CD28, CXCR4, DNMT3A, FBXO11, MSH6, MYCN, PCBP1, REL, SF3B1, TET3, XPO1	14	ALK (Subtype-specific — ALK+ ALCL); ARID5A (OncoKB cancer gene); ASXL2 (OncoKB cancer gene); CD28 (TCR / co-stimulation); CXCR4 (OncoKB cancer gene); DNMT3A (Epigenetic regulator); FBXO11 (OncoKB cancer gene); MSH6 (OncoKB cancer gene); MYCN (OncoKB cancer gene); PCBP1 (OncoKB cancer gene); REL (OncoKB cancer gene); SF3B1 (OncoKB cancer gene); TET3 (Epigenetic regulator); XPO1 (Nuclear transport)	-; 2q33.2; 2p16.1	NULL; NULL; NULL; CD28: AMP 1.0%; NULL; NULL; NULL; NULL; NULL; NULL; REL: AMP 0.8%; NULL; NULL; NULL	ALK: 2.3%; ARID5A: 1.0%; ASXL2: 0.8%; CD28: 2.0%; CXCR4: 1.5%; DNMT3A: 18.9%; FBXO11: 1.0%; MSH6: 0.8%; MYCN: 0.8%; PCBP1: 1.0%; NULL; SF3B1: 0.8%; TET3: 3.9%; XPO1: 1.5%	Tier 1 (PTCL gene)	TRUE	TRUE	TRUE
B3_S01	0.03636	0.342690483399962	13	4	150000001	189000000	39	chr4:150-189Mb	-0.0488914922406861	1	HETD	1	HETD	4q	NEUTRAL	Focal (arm neutral)	FAT1	1	FAT1 (Tumour suppressor)	-	NULL	FAT1: 7.6%	Tier 1 (PTCL gene)	TRUE	FALSE	TRUE
B3_S01	0.03636	0.342690483399962	13	6	103000001	170000000	67	chr6:103-170Mb	-0.0438579292430245	1	HETD	1	HETD	6q	LOSS	YES	ARID1B, ESR1, FOXO3, FYN, PRDM1, ROS1, SGK1, TNFAIP3	8	ARID1B (OncoKB cancer gene); ESR1 (OncoKB cancer gene); FOXO3 (Tumour suppressor); FYN (TCR / kinase signalling); PRDM1 (Tumour suppressor); ROS1 (OncoKB cancer gene); SGK1 (OncoKB cancer gene); TNFAIP3 (Tumour suppressor)	-; 6q25.1-q25.2; 6q23.3	NULL; ESR1: HOMDEL 0.8%; NULL; NULL; NULL; NULL; NULL; TNFAIP3: HOMDEL 0.8%	ARID1B: 0.8%; ESR1: 0.8%; NULL; FYN: 0.8%; PRDM1: 1.5%; ROS1: 1.5%; SGK1: 1.0%; TNFAIP3: 3.1%	Tier 1 (PTCL gene)	TRUE	TRUE	TRUE
B3_S01	0.03636	0.342690483399962	13	7	1000001	105000000	104	chr7:1-105Mb	0.0600002440555311	5	HLAMP	5	HLAMP	7p	GAIN	YES	CARD11, CDK6, CUX1, EGFR, HGF, IKZF1	6	CARD11 (TCR / NF-kB); CDK6 (OncoKB cancer gene); CUX1 (OncoKB cancer gene); EGFR (OncoKB cancer gene); HGF (OncoKB cancer gene); IKZF1 (OncoKB cancer gene)	-; 7q21.2	NULL; CDK6: AMP 0.8%; NULL; NULL; NULL; NULL	CARD11: 2.3%; CDK6: 0.8%; CUX1: 2.9%; EGFR: 2.3%; HGF: 1.5%; IKZF1: 0.8%	Tier 1 (PTCL gene)	TRUE	TRUE	TRUE
B3_S01	0.03636	0.342690483399962	13	8	89000001	145000000	56	chr8:89-145Mb	0.0231523700161862	3	GAIN	3	GAIN	8q	GAIN	YES	MYC, RAD21, RUNX1T1, UBR5	4	MYC (Oncogene / CNA); RAD21 (OncoKB cancer gene); RUNX1T1 (OncoKB cancer gene); UBR5 (OncoKB cancer gene)	-; 8q21.3	NULL; NULL; RUNX1T1: HOMDEL 1.0%; NULL	NULL; RAD21: 0.8%; RUNX1T1: 1.0%; UBR5: 1.0%	Tier 1 (PTCL gene)	TRUE	TRUE	TRUE
B3_S01	0.03636	0.342690483399962	13	9	1000001	37000000	36	chr9:1-37Mb	0.0647596949954239	5	HLAMP	5	HLAMP	9p	GAIN	YES	CD274, CDKN2A, CDKN2B, MOB3B, PAX5	5	CD274 (Immune evasion); CDKN2A (Tumour suppressor); CDKN2B (Tumour suppressor); MOB3B (OncoKB cancer gene); PAX5 (OncoKB cancer gene)	-; 9p21.3	NULL; CDKN2A: HOMDEL 2.3%; CDKN2B: HOMDEL 1.5%; NULL; NULL	CD274: 0.8%; CDKN2A: 2.3%; NULL; MOB3B: 1.0%; PAX5: 0.8%	Tier 1 (PTCL gene)	TRUE	TRUE	TRUE
B3_S01	0.03636	0.342690483399962	13	9	37000001	114000000	77	chr9:37-114Mb	-0.0336479764386532	1	HETD	1	HETD	9q	LOSS	YES	FANCC, GNAQ, NTRK2, PAX5, PTCH1, SYK	6	FANCC (OncoKB cancer gene); GNAQ (OncoKB cancer gene); NTRK2 (OncoKB cancer gene); PAX5 (OncoKB cancer gene); PTCH1 (OncoKB cancer gene); SYK (TCR signalling)	9q22.32; 9q21.2; 9q21.33; -; 9q22.2	FANCC: HOMDEL 0.8%; GNAQ: HOMDEL 0.8%; NTRK2: HOMDEL 0.8%; NULL; PTCH1: HOMDEL 0.8%; SYK: HOMDEL 0.8%	NULL; NULL; NTRK2: 0.8%; PAX5: 0.8%; PTCH1: 0.8%; NULL	Tier 1 (PTCL gene)	TRUE	TRUE	TRUE
B3_S01	0.03636	0.342690483399962	13	9	114000001	138000000	24	chr9:114-138Mb	0.0421815176055115	4	AMP	4	AMP	9q	LOSS	Discordant	ABL1, NOTCH1	2	ABL1 (OncoKB cancer gene); NOTCH1 (Signalling)	-	NULL; NULL	ABL1: 0.8%; NOTCH1: 2.3%	Tier 1 (PTCL gene)	TRUE	FALSE	TRUE
B3_S01	0.03636	0.342690483399962	13	11	112000001	135000000	23	chr11:112-135Mb	0.0524174389206188	4	AMP	4	AMP	11q	NEUTRAL	Focal (arm neutral)	CHEK1	1	CHEK1 (OncoKB cancer gene)	-	NULL	CHEK1: 0.8%	Tier 3 (cBioPortal mutated)	FALSE	FALSE	TRUE
B3_S01	0.03636	0.342690483399962	13	14	20000001	43000000	23	chr14:20-43Mb	-0.0508881821772764	1	HETD	1	HETD	14q	GAIN	Discordant	NKX2-1	1	NKX2-1 (OncoKB cancer gene)	14q13.3	NKX2-1: HOMDEL 0.8%	NKX2-1: 0.8%	Tier 2 (cBioPortal CNA)	FALSE	TRUE	TRUE
B3_S01	0.03636	0.342690483399962	13	14	43000001	105000000	62	chr14:43-105Mb	0.0474689949303696	4	AMP	4	AMP	14q	GAIN	YES	AKT1, ARID4A, BCL11B, TSHR	4	AKT1 (OncoKB cancer gene); ARID4A (OncoKB cancer gene); BCL11B (OncoKB cancer gene); TSHR (OncoKB cancer gene)	-	NULL; NULL; NULL; NULL	AKT1: 0.8%; ARID4A: 1.0%; BCL11B: 1.0%; TSHR: 0.8%	Tier 3 (cBioPortal mutated)	FALSE	FALSE	TRUE
B3_S01	0.03636	0.342690483399962	13	17	1000001	83000000	82	chr17:1-83Mb	-0.0308448199742061	1	HETD	1	HETD	17q	LOSS	YES	ACTG1, ALOX12B, AURKB, CDK12, ERBB2, FLCN, IKZF3, NCOR1, NF1, RARA, RPTOR, SRSF2, STAT3, STAT5B, TP53	15	ACTG1 (OncoKB cancer gene); ALOX12B (OncoKB cancer gene); AURKB (OncoKB cancer gene); CDK12 (OncoKB cancer gene); ERBB2 (OncoKB cancer gene); FLCN (OncoKB cancer gene); IKZF3 (OncoKB cancer gene); NCOR1 (OncoKB cancer gene); NF1 (OncoKB cancer gene); RARA (OncoKB cancer gene); RPTOR (OncoKB cancer gene); SRSF2 (OncoKB cancer gene); STAT3 (JAK-STAT); STAT5B (JAK-STAT); TP53 (Tumour suppressor)	-; 17p13.1; 17q12; 17p11.2; 17q12-q21.1; 17p12-p11.2	NULL; ALOX12B: HOMDEL 0.8%; AURKB: HOMDEL 0.8%; NULL; ERBB2: HOMDEL 0.8%; FLCN: HOMDEL 0.8%; IKZF3: AMP 1.0%; NCOR1: HOMDEL 0.8%; NULL; NULL; NULL; NULL; NULL; NULL; TP53: HOMDEL 2.3%	ACTG1: 1.0%; ALOX12B: 0.8%; NULL; CDK12: 2.3%; NULL; NULL; IKZF3: 1.0%; NCOR1: 1.5%; NF1: 1.5%; RARA: 3.1%; RPTOR: 1.5%; SRSF2: 1.5%; STAT3: 7.6%; STAT5B: 3.8%; TP53: 15.9%	Tier 1 (PTCL gene)	TRUE	TRUE	TRUE
B3_S01	0.03636	0.342690483399962	13	19	1000001	58000000	57	chr19:1-58Mb	-0.0800320646982744	1	HETD	1	HETD	19q	LOSS	YES	AXL, BRD4, CALR, CD79A, CIC, DOT1L, ERCC2, GNA11, JAK3, KEAP1, NOTCH3, PIK3R2, PPP2R1A, PTPRS, SMARCA4, STK11, VAV1	17	AXL (OncoKB cancer gene); BRD4 (OncoKB cancer gene); CALR (OncoKB cancer gene); CD79A (OncoKB cancer gene); CIC (OncoKB cancer gene); DOT1L (OncoKB cancer gene); ERCC2 (OncoKB cancer gene); GNA11 (OncoKB cancer gene); JAK3 (JAK-STAT); KEAP1 (OncoKB cancer gene); NOTCH3 (Signalling); PIK3R2 (OncoKB cancer gene); PPP2R1A (OncoKB cancer gene); PTPRS (OncoKB cancer gene); SMARCA4 (OncoKB cancer gene); STK11 (OncoKB cancer gene); VAV1 (TCR / GTPase signalling)	-; 19q13.2; 19p13.3; 19p13.2	NULL; NULL; NULL; NULL; CIC: HOMDEL 0.8%; DOT1L: HOMDEL 0.8%; NULL; GNA11: HOMDEL 0.8%; NULL; NULL; NULL; NULL; NULL; NULL; SMARCA4: HOMDEL 0.8%; STK11: HOMDEL 0.8%; VAV1: AMP 1.0%	AXL: 0.8%; BRD4: 1.5%; CALR: 0.8%; CD79A: 0.8%; CIC: 1.5%; DOT1L: 0.8%; ERCC2: 3.4%; NULL; JAK3: 3.0%; KEAP1: 0.8%; NOTCH3: 2.3%; PIK3R2: 1.5%; PPP2R1A: 0.8%; PTPRS: 3.4%; SMARCA4: 0.8%; NULL; VAV1: 4.9%	Tier 1 (PTCL gene)	TRUE	TRUE	TRUE
B3_S01	0.03636	0.342690483399962	13	22	19000001	49000000	30	chr22:19-49Mb	0.0249586242073789	4	AMP	4	AMP	22q	GAIN	YES	CHEK2, EP300, MAPK1, NF2, XBP1	5	CHEK2 (OncoKB cancer gene); EP300 (Epigenetic regulator); MAPK1 (OncoKB cancer gene); NF2 (OncoKB cancer gene); XBP1 (OncoKB cancer gene)	22q12.1; 22q13.2; -; 22q12.2	CHEK2: HOMDEL 0.8%; EP300: AMP 0.8%; NULL; NF2: AMP 0.8%; XBP1: HOMDEL 1.0%	NULL; EP300: 2.3%; MAPK1: 0.8%; NULL; NULL	Tier 1 (PTCL gene)	TRUE	TRUE	TRUE
B3_S04	0.04876	0.236237693605398	10	1	1000001	61000000	60	chr1:1-61Mb	0.0420502323567907	3	GAIN	3	GAIN	1p	NEUTRAL	Focal (arm neutral)	ARID1A, CDKN2C, LCK, MTOR, MYCL, SPEN, YTHDF2	7	ARID1A (Chromatin remodelling); CDKN2C (OncoKB cancer gene); LCK (TCR signalling); MTOR (OncoKB cancer gene); MYCL (OncoKB cancer gene); SPEN (OncoKB cancer gene); YTHDF2 (Epigenetic regulator)	-	NULL; NULL; NULL; NULL; NULL; NULL; NULL	ARID1A: 0.8%; CDKN2C: 0.8%; LCK: 2.0%; MTOR: 0.8%; MYCL: 0.8%; SPEN: 0.8%; NULL	Tier 1 (PTCL gene)	TRUE	FALSE	TRUE
B3_S04	0.04876	0.236237693605398	10	1	156000001	211000000	55	chr1:156-211Mb	0.115083783411712	5	HLAMP	5	HLAMP	1q	NEUTRAL	Focal (arm neutral)	CDC73, NTRK1	2	CDC73 (OncoKB cancer gene); NTRK1 (OncoKB cancer gene)	-; 1q23.1	NULL; NTRK1: AMP 0.8%	CDC73: 1.5%; NULL	Tier 2 (cBioPortal CNA)	FALSE	TRUE	TRUE
B3_S04	0.04876	0.236237693605398	10	1	211000001	248000000	37	chr1:211-248Mb	-0.0283792541493268	1	HETD	1	HETD	1q	NEUTRAL	Focal (arm neutral)	AKT3, H3-4, PARP1	3	AKT3 (OncoKB cancer gene); H3-4 (OncoKB cancer gene); PARP1 (OncoKB cancer gene)	1q43-q44; -	AKT3: HOMDEL 0.8%; NULL; NULL	NULL; H3-4: 3.4%; PARP1: 0.8%	Tier 2 (cBioPortal CNA)	FALSE	TRUE	TRUE
B3_S04	0.04876	0.236237693605398	10	3	42000001	58000000	16	chr3:42-58Mb	-0.123982326423916	1	HETD	1	HETD	3p	NEUTRAL	Focal (arm neutral)	BAP1, PBRM1, RHOA, SETD2	4	BAP1 (OncoKB cancer gene); PBRM1 (OncoKB cancer gene); RHOA (TCR / GTPase signalling); SETD2 (Epigenetic regulator)	3p21.1; 3p21.31	BAP1: HOMDEL 0.8%; PBRM1: HOMDEL 0.8%; RHOA: HOMDEL 0.8%; SETD2: HOMDEL 0.8%	NULL; PBRM1: 1.5%; RHOA: 30.5%; SETD2: 6.1%	Tier 1 (PTCL gene)	TRUE	TRUE	TRUE
B3_S04	0.04876	0.236237693605398	10	4	155000001	189000000	34	chr4:155-189Mb	-0.0298551311761563	1	HETD	1	HETD	4q	NEUTRAL	Focal (arm neutral)	FAT1	1	FAT1 (Tumour suppressor)	-	NULL	FAT1: 7.6%	Tier 1 (PTCL gene)	TRUE	FALSE	TRUE
B3_S04	0.04876	0.236237693605398	10	6	1000001	38000000	37	chr6:1-38Mb	-0.0418280573204937	1	HETD	1	HETD	6p	LOSS	YES	DAXX, H1-2, H1-3, H1-4, H2AC6, H2BC5, H3C2, HLA-A, LTB, NOTCH4, PIM1	11	DAXX (OncoKB cancer gene); H1-2 (OncoKB cancer gene); H1-3 (OncoKB cancer gene); H1-4 (OncoKB cancer gene); H2AC6 (OncoKB cancer gene); H2BC5 (OncoKB cancer gene); H3C2 (OncoKB cancer gene); HLA-A (Immune evasion); LTB (OncoKB cancer gene); NOTCH4 (OncoKB cancer gene); PIM1 (OncoKB cancer gene)	6p21.32; -; 6p21.33	DAXX: HOMDEL 0.8%; NULL; NULL; NULL; NULL; NULL; NULL; NULL; LTB: HOMDEL 1.0%; NOTCH4: HOMDEL 0.8%; NULL	NULL; H1-2: 0.8%; H1-3: 1.0%; H1-4: 1.0%; H2AC6: 1.0%; H2BC5: 0.8%; H3C2: 0.8%; HLA-A: 3.1%; NULL; NOTCH4: 0.8%; PIM1: 0.8%	Tier 1 (PTCL gene)	TRUE	TRUE	TRUE
B3_S04	0.04876	0.236237693605398	10	10	113000001	133000000	20	chr10:113-133Mb	0.0546492881488741	4	AMP	4	AMP	10q	NEUTRAL	Focal (arm neutral)	none	0	-	-	-	-	No known cancer gene	FALSE	FALSE	FALSE
B3_S04	0.04876	0.236237693605398	10	11	1000001	46000000	45	chr11:1-46Mb	0.115191985539779	5	HLAMP	5	HLAMP	11p	GAIN	YES	none	0	-	-	-	-	No known cancer gene	FALSE	FALSE	FALSE
B3_S04	0.04876	0.236237693605398	10	11	46000001	135000000	89	chr11:46-135Mb	0.0192181406396819	3	GAIN	3	GAIN	11q	GAIN	YES	ATM, BIRC3, CCND1, CHEK1, FGF3, MRE11	6	ATM (DNA damage response); BIRC3 (OncoKB cancer gene); CCND1 (OncoKB cancer gene); CHEK1 (OncoKB cancer gene); FGF3 (OncoKB cancer gene); MRE11 (OncoKB cancer gene)	11q22.3; -	ATM: HOMDEL 0.8%; NULL; NULL; NULL; NULL; NULL	ATM: 2.3%; BIRC3: 0.8%; CCND1: 0.8%; CHEK1: 0.8%; FGF3: 1.5%; MRE11: 0.8%	Tier 1 (PTCL gene)	TRUE	TRUE	TRUE
B3_S04	0.04876	0.236237693605398	10	13	90000001	113000000	23	chr13:90-113Mb	0.0834223980443633	4	AMP	4	AMP	13q	NEUTRAL	Focal (arm neutral)	IRS2	1	IRS2 (OncoKB cancer gene)	-	NULL	IRS2: 0.8%	Tier 3 (cBioPortal mutated)	FALSE	FALSE	TRUE
B3_S04	0.04876	0.236237693605398	10	17	1000001	83000000	82	chr17:1-83Mb	-0.0318547065028284	1	HETD	1	HETD	17q	LOSS	YES	ACTG1, ALOX12B, AURKB, CDK12, ERBB2, FLCN, IKZF3, NCOR1, NF1, RARA, RPTOR, SRSF2, STAT3, STAT5B, TP53	15	ACTG1 (OncoKB cancer gene); ALOX12B (OncoKB cancer gene); AURKB (OncoKB cancer gene); CDK12 (OncoKB cancer gene); ERBB2 (OncoKB cancer gene); FLCN (OncoKB cancer gene); IKZF3 (OncoKB cancer gene); NCOR1 (OncoKB cancer gene); NF1 (OncoKB cancer gene); RARA (OncoKB cancer gene); RPTOR (OncoKB cancer gene); SRSF2 (OncoKB cancer gene); STAT3 (JAK-STAT); STAT5B (JAK-STAT); TP53 (Tumour suppressor)	-; 17p13.1; 17q12; 17p11.2; 17q12-q21.1; 17p12-p11.2	NULL; ALOX12B: HOMDEL 0.8%; AURKB: HOMDEL 0.8%; NULL; ERBB2: HOMDEL 0.8%; FLCN: HOMDEL 0.8%; IKZF3: AMP 1.0%; NCOR1: HOMDEL 0.8%; NULL; NULL; NULL; NULL; NULL; NULL; TP53: HOMDEL 2.3%	ACTG1: 1.0%; ALOX12B: 0.8%; NULL; CDK12: 2.3%; NULL; NULL; IKZF3: 1.0%; NCOR1: 1.5%; NF1: 1.5%; RARA: 3.1%; RPTOR: 1.5%; SRSF2: 1.5%; STAT3: 7.6%; STAT5B: 3.8%; TP53: 15.9%	Tier 1 (PTCL gene)	TRUE	TRUE	TRUE
B3_S04	0.04876	0.236237693605398	10	19	1000001	58000000	57	chr19:1-58Mb	-0.0897399596284161	1	HETD	1	HETD	19q	LOSS	YES	AXL, BRD4, CALR, CD79A, CIC, DOT1L, ERCC2, GNA11, JAK3, KEAP1, NOTCH3, PIK3R2, PPP2R1A, PTPRS, SMARCA4, STK11, VAV1	17	AXL (OncoKB cancer gene); BRD4 (OncoKB cancer gene); CALR (OncoKB cancer gene); CD79A (OncoKB cancer gene); CIC (OncoKB cancer gene); DOT1L (OncoKB cancer gene); ERCC2 (OncoKB cancer gene); GNA11 (OncoKB cancer gene); JAK3 (JAK-STAT); KEAP1 (OncoKB cancer gene); NOTCH3 (Signalling); PIK3R2 (OncoKB cancer gene); PPP2R1A (OncoKB cancer gene); PTPRS (OncoKB cancer gene); SMARCA4 (OncoKB cancer gene); STK11 (OncoKB cancer gene); VAV1 (TCR / GTPase signalling)	-; 19q13.2; 19p13.3; 19p13.2	NULL; NULL; NULL; NULL; CIC: HOMDEL 0.8%; DOT1L: HOMDEL 0.8%; NULL; GNA11: HOMDEL 0.8%; NULL; NULL; NULL; NULL; NULL; NULL; SMARCA4: HOMDEL 0.8%; STK11: HOMDEL 0.8%; VAV1: AMP 1.0%	AXL: 0.8%; BRD4: 1.5%; CALR: 0.8%; CD79A: 0.8%; CIC: 1.5%; DOT1L: 0.8%; ERCC2: 3.4%; NULL; JAK3: 3.0%; KEAP1: 0.8%; NOTCH3: 2.3%; PIK3R2: 1.5%; PPP2R1A: 0.8%; PTPRS: 3.4%; SMARCA4: 0.8%; NULL; VAV1: 4.9%	Tier 1 (PTCL gene)	TRUE	TRUE	TRUE
B3_S04	0.04876	0.236237693605398	10	20	1000001	64000000	63	chr20:1-64Mb	0.0205843728434036	3	GAIN	3	GAIN	20q	GAIN	YES	ASXL1, AURKA, GNAS, NCOA3, PAK5, PLCG1, PTPN1, PTPRT, SRC	9	ASXL1 (OncoKB cancer gene); AURKA (OncoKB cancer gene); GNAS (OncoKB cancer gene); NCOA3 (OncoKB cancer gene); PAK5 (OncoKB cancer gene); PLCG1 (TCR signalling); PTPN1 (OncoKB cancer gene); PTPRT (OncoKB cancer gene); SRC (OncoKB cancer gene)	-; 20q11.23	NULL; NULL; NULL; NULL; NULL; NULL; NULL; NULL; SRC: HOMDEL 0.8%	ASXL1: 2.3%; AURKA: 0.8%; GNAS: 2.3%; NCOA3: 3.4%; PAK5: 1.5%; PLCG1: 7.8%; PTPN1: 2.0%; PTPRT: 3.4%; NULL	Tier 1 (PTCL gene)	TRUE	TRUE	TRUE
B3_S04	0.04876	0.236237693605398	10	22	19000001	49000000	30	chr22:19-49Mb	0.0330795545925431	3	GAIN	3	GAIN	22q	GAIN	YES	CHEK2, EP300, MAPK1, NF2, XBP1	5	CHEK2 (OncoKB cancer gene); EP300 (Epigenetic regulator); MAPK1 (OncoKB cancer gene); NF2 (OncoKB cancer gene); XBP1 (OncoKB cancer gene)	22q12.1; 22q13.2; -; 22q12.2	CHEK2: HOMDEL 0.8%; EP300: AMP 0.8%; NULL; NF2: AMP 0.8%; XBP1: HOMDEL 1.0%	NULL; EP300: 2.3%; MAPK1: 0.8%; NULL; NULL	Tier 1 (PTCL gene)	TRUE	TRUE	TRUE
B3_S05	0.06386	0.395916878266742	15	1	1000001	234000000	233	chr1:1-234Mb	0.00684270257893646	3	GAIN	3	GAIN	1p	GAIN	YES	ARID1A, CD58, CDC73, CDKN2C, H3-4, JAK1, LCK, MCL1, MTOR, MYCL, NOTCH2, NRAS, NTRK1, PARP1, RIT1, SETDB1, SPEN, YTHDF2	18	ARID1A (Chromatin remodelling); CD58 (Immune evasion); CDC73 (OncoKB cancer gene); CDKN2C (OncoKB cancer gene); H3-4 (OncoKB cancer gene); JAK1 (JAK-STAT); LCK (TCR signalling); MCL1 (Oncogene / CNA); MTOR (OncoKB cancer gene); MYCL (OncoKB cancer gene); NOTCH2 (OncoKB cancer gene); NRAS (RAS-MAPK signalling); NTRK1 (OncoKB cancer gene); PARP1 (OncoKB cancer gene); RIT1 (OncoKB cancer gene); SETDB1 (OncoKB cancer gene); SPEN (OncoKB cancer gene); YTHDF2 (Epigenetic regulator)	-; 1q21.2; 1q23.1; 1q21.3	NULL; NULL; NULL; NULL; NULL; NULL; NULL; MCL1: AMP 0.8%; NULL; NULL; NULL; NULL; NTRK1: AMP 0.8%; NULL; NULL; SETDB1: AMP 1.0%; NULL; NULL	ARID1A: 0.8%; CD58: 2.0%; CDC73: 1.5%; CDKN2C: 0.8%; H3-4: 3.4%; JAK1: 3.8%; LCK: 2.0%; NULL; MTOR: 0.8%; MYCL: 0.8%; NOTCH2: 0.8%; NRAS: 2.3%; NULL; PARP1: 0.8%; RIT1: 3.4%; SETDB1: 1.0%; SPEN: 0.8%; NULL	Tier 1 (PTCL gene)	TRUE	TRUE	TRUE
B3_S05	0.06386	0.395916878266742	15	1	234000001	248000000	14	chr1:234-248Mb	-0.0609899328535809	1	HETD	1	HETD	1q	GAIN	Discordant	AKT3	1	AKT3 (OncoKB cancer gene)	1q43-q44	AKT3: HOMDEL 0.8%	NULL	Tier 2 (cBioPortal CNA)	FALSE	TRUE	FALSE
B3_S05	0.06386	0.395916878266742	15	3	1000001	142000000	141	chr3:1-142Mb	0.0825813068355252	4	AMP	4	AMP	3p	GAIN	YES	BAP1, CCR4, CTNNB1, EPHA3, EPHB1, FOXL2, MITF, MLH1, PBRM1, RHOA, ROBO1, SETD2, SETD5, STAG1, TGFBR2	15	BAP1 (OncoKB cancer gene); CCR4 (Subtype-specific — ATLL); CTNNB1 (OncoKB cancer gene); EPHA3 (OncoKB cancer gene); EPHB1 (OncoKB cancer gene); FOXL2 (OncoKB cancer gene); MITF (OncoKB cancer gene); MLH1 (OncoKB cancer gene); PBRM1 (OncoKB cancer gene); RHOA (TCR / GTPase signalling); ROBO1 (OncoKB cancer gene); SETD2 (Epigenetic regulator); SETD5 (OncoKB cancer gene); STAG1 (OncoKB cancer gene); TGFBR2 (OncoKB cancer gene)	3p21.1; -; 3p21.31; 3p12.3	BAP1: HOMDEL 0.8%; NULL; NULL; NULL; NULL; NULL; NULL; NULL; PBRM1: HOMDEL 0.8%; RHOA: HOMDEL 0.8%; ROBO1: HOMDEL 1.0%; SETD2: HOMDEL 0.8%; NULL; NULL; NULL	NULL; NULL; CTNNB1: 0.8%; EPHA3: 3.1%; EPHB1: 1.5%; FOXL2: 0.8%; MITF: 2.3%; MLH1: 0.8%; PBRM1: 1.5%; RHOA: 30.5%; ROBO1: 3.9%; SETD2: 6.1%; SETD5: 1.0%; STAG1: 1.0%; TGFBR2: 0.8%	Tier 1 (PTCL gene)	TRUE	TRUE	TRUE
B3_S05	0.06386	0.395916878266742	15	3	142000001	198000000	56	chr3:142-198Mb	0.0413736083826137	3	GAIN	3	GAIN	3q	GAIN	YES	ATR, BCL6, SOX2, TBL1XR1, TP63	5	ATR (OncoKB cancer gene); BCL6 (Transcription factor); SOX2 (OncoKB cancer gene); TBL1XR1 (Transcription / signalling); TP63 (Subtype-specific — ALK- ALCL)	-; 3q27.3	NULL; BCL6: HOMDEL 1.5%; NULL; NULL; NULL	ATR: 0.8%; NULL; SOX2: 0.8%; TBL1XR1: 2.0%; NULL	Tier 1 (PTCL gene)	TRUE	TRUE	TRUE
B3_S05	0.06386	0.395916878266742	15	4	175000001	189000000	14	chr4:175-189Mb	-0.12619686331168	1	HETD	1	HETD	4q	NEUTRAL	Focal (arm neutral)	FAT1	1	FAT1 (Tumour suppressor)	-	NULL	FAT1: 7.6%	Tier 1 (PTCL gene)	TRUE	FALSE	TRUE
B3_S05	0.06386	0.395916878266742	15	9	1000001	70000000	69	chr9:1-70Mb	-0.00104739659968532	3	GAIN	3	GAIN	9p	GAIN	YES	CD274, CDKN2A, CDKN2B, MOB3B, PAX5	5	CD274 (Immune evasion); CDKN2A (Tumour suppressor); CDKN2B (Tumour suppressor); MOB3B (OncoKB cancer gene); PAX5 (OncoKB cancer gene)	-; 9p21.3	NULL; CDKN2A: HOMDEL 2.3%; CDKN2B: HOMDEL 1.5%; NULL; NULL	CD274: 0.8%; CDKN2A: 2.3%; NULL; MOB3B: 1.0%; PAX5: 0.8%	Tier 1 (PTCL gene)	TRUE	TRUE	TRUE
B3_S05	0.06386	0.395916878266742	15	9	70000001	138000000	68	chr9:70-138Mb	0.044814436055134	3	GAIN	3	GAIN	9q	GAIN	YES	ABL1, FANCC, GNAQ, NOTCH1, NTRK2, PTCH1, SYK	7	ABL1 (OncoKB cancer gene); FANCC (OncoKB cancer gene); GNAQ (OncoKB cancer gene); NOTCH1 (Signalling); NTRK2 (OncoKB cancer gene); PTCH1 (OncoKB cancer gene); SYK (TCR signalling)	-; 9q22.32; 9q21.2; 9q21.33; 9q22.2	NULL; FANCC: HOMDEL 0.8%; GNAQ: HOMDEL 0.8%; NULL; NTRK2: HOMDEL 0.8%; PTCH1: HOMDEL 0.8%; SYK: HOMDEL 0.8%	ABL1: 0.8%; NULL; NULL; NOTCH1: 2.3%; NTRK2: 0.8%; PTCH1: 0.8%; NULL	Tier 1 (PTCL gene)	TRUE	TRUE	TRUE
B3_S05	0.06386	0.395916878266742	15	11	1000001	135000000	134	chr11:1-135Mb	0.0109197587644884	3	GAIN	3	GAIN	11q	GAIN	YES	ATM, BIRC3, CCND1, CHEK1, FGF3, MRE11	6	ATM (DNA damage response); BIRC3 (OncoKB cancer gene); CCND1 (OncoKB cancer gene); CHEK1 (OncoKB cancer gene); FGF3 (OncoKB cancer gene); MRE11 (OncoKB cancer gene)	11q22.3; -	ATM: HOMDEL 0.8%; NULL; NULL; NULL; NULL; NULL	ATM: 2.3%; BIRC3: 0.8%; CCND1: 0.8%; CHEK1: 0.8%; FGF3: 1.5%; MRE11: 0.8%	Tier 1 (PTCL gene)	TRUE	TRUE	TRUE
B3_S05	0.06386	0.395916878266742	15	12	1000001	132000000	131	chr12:1-132Mb	0.00558178711319927	3	GAIN	3	GAIN	12q	GAIN	YES	ARID2, BTG1, DTX1, EP400, ERBB3, ETV6, HNF1A, KMT2D, KMT5A, KRAS, KSR2, NCOR2, PIK3C2G, SETD1B, SH2B3	15	ARID2 (Chromatin remodelling); BTG1 (OncoKB cancer gene); DTX1 (Signalling); EP400 (OncoKB cancer gene); ERBB3 (OncoKB cancer gene); ETV6 (OncoKB cancer gene); HNF1A (OncoKB cancer gene); KMT2D (Epigenetic regulator); KMT5A (OncoKB cancer gene); KRAS (OncoKB cancer gene); KSR2 (OncoKB cancer gene); NCOR2 (OncoKB cancer gene); PIK3C2G (OncoKB cancer gene); SETD1B (Epigenetic regulator); SH2B3 (OncoKB cancer gene)	-; 12q21.33; 12q24.31	NULL; BTG1: AMP 1.0%; NULL; NULL; NULL; NULL; NULL; NULL; KMT5A: HOMDEL 1.0%; NULL; NULL; NCOR2: HOMDEL 1.0%; NULL; NULL; NULL	ARID2: 3.1%; NULL; DTX1: 2.9%; EP400: 1.0%; ERBB3: 0.8%; ETV6: 0.8%; HNF1A: 0.8%; KMT2D: 4.6%; NULL; KRAS: 1.5%; KSR2: 4.9%; NCOR2: 2.9%; PIK3C2G: 3.1%; SETD1B: 2.0%; SH2B3: 1.5%	Tier 1 (PTCL gene)	TRUE	TRUE	TRUE
B3_S05	0.06386	0.395916878266742	15	14	20000001	46000000	26	chr14:20-46Mb	-0.0197620366700971	1	HETD	1	HETD	14q	GAIN	Discordant	NKX2-1	1	NKX2-1 (OncoKB cancer gene)	14q13.3	NKX2-1: HOMDEL 0.8%	NKX2-1: 0.8%	Tier 2 (cBioPortal CNA)	FALSE	TRUE	TRUE
B3_S05	0.06386	0.395916878266742	15	14	46000001	105000000	59	chr14:46-105Mb	0.063158303500037	4	AMP	4	AMP	14q	GAIN	YES	AKT1, ARID4A, BCL11B, TSHR	4	AKT1 (OncoKB cancer gene); ARID4A (OncoKB cancer gene); BCL11B (OncoKB cancer gene); TSHR (OncoKB cancer gene)	-	NULL; NULL; NULL; NULL	AKT1: 0.8%; ARID4A: 1.0%; BCL11B: 1.0%; TSHR: 0.8%	Tier 3 (cBioPortal mutated)	FALSE	FALSE	TRUE
B3_S05	0.06386	0.395916878266742	15	16	1000001	90000000	89	chr16:1-90Mb	0.00317969987011913	3	GAIN	3	GAIN	16q	GAIN	YES	CDH1, CIITA, CREBBP, FANCA, GRIN2A, PALB2, PLCG2, PRKCB, SOCS1, TSC2	10	CDH1 (OncoKB cancer gene); CIITA (OncoKB cancer gene); CREBBP (Epigenetic regulator); FANCA (OncoKB cancer gene); GRIN2A (OncoKB cancer gene); PALB2 (OncoKB cancer gene); PLCG2 (OncoKB cancer gene); PRKCB (Subtype-specific — ATLL); SOCS1 (JAK-STAT); TSC2 (OncoKB cancer gene)	-; 16p13.3; 16p13.13	NULL; NULL; CREBBP: HOMDEL 0.8%; NULL; NULL; NULL; NULL; NULL; SOCS1: HOMDEL 0.8%; NULL	CDH1: 0.8%; CIITA: 1.0%; CREBBP: 3.1%; FANCA: 1.5%; GRIN2A: 3.1%; PALB2: 1.5%; PLCG2: 0.8%; NULL; SOCS1: 3.1%; TSC2: 0.8%	Tier 1 (PTCL gene)	TRUE	TRUE	TRUE
B3_S05	0.06386	0.395916878266742	15	19	36000001	58000000	22	chr19:36-58Mb	-0.0635911120123038	1	HETD	1	HETD	19q	LOSS	YES	AXL, CD79A, CIC, ERCC2, PPP2R1A	5	AXL (OncoKB cancer gene); CD79A (OncoKB cancer gene); CIC (OncoKB cancer gene); ERCC2 (OncoKB cancer gene); PPP2R1A (OncoKB cancer gene)	-; 19q13.2	NULL; NULL; CIC: HOMDEL 0.8%; NULL; NULL	AXL: 0.8%; CD79A: 0.8%; CIC: 1.5%; ERCC2: 3.4%; PPP2R1A: 0.8%	Tier 2 (cBioPortal CNA)	FALSE	TRUE	TRUE
B3_S05	0.06386	0.395916878266742	15	22	19000001	49000000	30	chr22:19-49Mb	0.0172185653130099	3	GAIN	3	GAIN	22q	GAIN	YES	CHEK2, EP300, MAPK1, NF2, XBP1	5	CHEK2 (OncoKB cancer gene); EP300 (Epigenetic regulator); MAPK1 (OncoKB cancer gene); NF2 (OncoKB cancer gene); XBP1 (OncoKB cancer gene)	22q12.1; 22q13.2; -; 22q12.2	CHEK2: HOMDEL 0.8%; EP300: AMP 0.8%; NULL; NF2: AMP 0.8%; XBP1: HOMDEL 1.0%	NULL; EP300: 2.3%; MAPK1: 0.8%; NULL; NULL	Tier 1 (PTCL gene)	TRUE	TRUE	TRUE
B3_S06	0.6033	0.0833026166602517	3	1	106000001	120000000	14	chr1:106-120Mb	-0.472091655535055	1	HETD	1	HETD	1p	NEUTRAL	Focal (arm neutral)	CD58, NOTCH2, NRAS	3	CD58 (Immune evasion); NOTCH2 (OncoKB cancer gene); NRAS (RAS-MAPK signalling)	-	NULL; NULL; NULL	CD58: 2.0%; NOTCH2: 0.8%; NRAS: 2.3%	Tier 1 (PTCL gene)	TRUE	FALSE	TRUE
B3_S06	0.6033	0.0833026166602517	3	5	1000001	181000000	180	chr5:1-181Mb	0.38449698343244	3	GAIN	3	GAIN	5q	GAIN	YES	APC, ARHGEF28, FGFR4, FLT4, MAP3K1, NSD1, PDGFRB, PIK3R1, RAD50, RICTOR, TERT	11	APC (OncoKB cancer gene); ARHGEF28 (OncoKB cancer gene); FGFR4 (OncoKB cancer gene); FLT4 (OncoKB cancer gene); MAP3K1 (OncoKB cancer gene); NSD1 (OncoKB cancer gene); PDGFRB (OncoKB cancer gene); PIK3R1 (OncoKB cancer gene); RAD50 (OncoKB cancer gene); RICTOR (OncoKB cancer gene); TERT (Telomere maintenance)	-	NULL; NULL; NULL; NULL; NULL; NULL; NULL; NULL; NULL; NULL; NULL	APC: 0.8%; ARHGEF28: 2.0%; FGFR4: 1.5%; FLT4: 0.8%; MAP3K1: 1.5%; NSD1: 0.8%; PDGFRB: 0.8%; PIK3R1: 0.8%; RAD50: 0.8%; RICTOR: 0.8%; TERT: 2.3%	Tier 1 (PTCL gene)	TRUE	FALSE	TRUE
B3_S06	0.6033	0.0833026166602517	3	21	14000001	46000000	32	chr21:14-46Mb	0.360666546747036	3	GAIN	3	GAIN	21q	GAIN	YES	ERG, RUNX1, SETD4, U2AF1	4	ERG (OncoKB cancer gene); RUNX1 (OncoKB cancer gene); SETD4 (OncoKB cancer gene); U2AF1 (OncoKB cancer gene)	21q22.2; 21q22.12; 21q22.3	ERG: AMP 0.8%; RUNX1: AMP 0.8%; SETD4: AMP 1.0%; U2AF1: AMP 0.8%	ERG: 0.8%; NULL; NULL; NULL	Tier 2 (cBioPortal CNA)	FALSE	TRUE	TRUE
B3_S08	0.6228	0.232739413895103	9	1	1000001	12000000	11	chr1:1-12Mb	0.432782543755953	3	GAIN	3	GAIN	1p	NEUTRAL	Focal (arm neutral)	MTOR	1	MTOR (OncoKB cancer gene)	-	NULL	MTOR: 0.8%	Tier 3 (cBioPortal mutated)	FALSE	FALSE	TRUE
B3_S08	0.6228	0.232739413895103	9	2	1000001	45000000	44	chr2:1-45Mb	0.319360745031345	3	GAIN	3	GAIN	2p	GAIN	YES	ALK, ASXL2, DNMT3A, MYCN	4	ALK (Subtype-specific — ALK+ ALCL); ASXL2 (OncoKB cancer gene); DNMT3A (Epigenetic regulator); MYCN (OncoKB cancer gene)	-	NULL; NULL; NULL; NULL	ALK: 2.3%; ASXL2: 0.8%; DNMT3A: 18.9%; MYCN: 0.8%	Tier 1 (PTCL gene)	TRUE	FALSE	TRUE
B3_S08	0.6228	0.232739413895103	9	2	45000001	79000000	34	chr2:45-79Mb	0.374262504812374	3	GAIN	3	GAIN	2p	GAIN	YES	FBXO11, MSH6, PCBP1, REL, TET3, XPO1	6	FBXO11 (OncoKB cancer gene); MSH6 (OncoKB cancer gene); PCBP1 (OncoKB cancer gene); REL (OncoKB cancer gene); TET3 (Epigenetic regulator); XPO1 (Nuclear transport)	-; 2p16.1	NULL; NULL; NULL; REL: AMP 0.8%; NULL; NULL	FBXO11: 1.0%; MSH6: 0.8%; PCBP1: 1.0%; NULL; TET3: 3.9%; XPO1: 1.5%	Tier 1 (PTCL gene)	TRUE	TRUE	TRUE
B3_S08	0.6228	0.232739413895103	9	2	240000001	242000000	2	chr2:240-242Mb	-0.52335205303288	1	HETD	1	HETD	2q	NEUTRAL	Focal (arm neutral)	PDCD1	1	PDCD1 (TCR / immune checkpoint)	2q37.3	PDCD1: HOMDEL 1.5%	NULL	Tier 1 (PTCL gene)	TRUE	TRUE	FALSE
B3_S08	0.6228	0.232739413895103	9	6	1000001	4000000	3	chr6:1-4Mb	0.742631600382717	4	AMP	4	AMP	6p	NEUTRAL	Focal (arm neutral)	none	0	-	-	-	-	No known cancer gene	FALSE	FALSE	FALSE
B3_S08	0.6228	0.232739413895103	9	6	12000001	20000000	8	chr6:12-20Mb	0.416475761708785	3	GAIN	3	GAIN	6p	NEUTRAL	Focal (arm neutral)	none	0	-	-	-	-	No known cancer gene	FALSE	FALSE	FALSE
B3_S08	0.6228	0.232739413895103	9	6	20000001	37000000	17	chr6:20-37Mb	-0.552327140234094	1	HETD	1	HETD	6p	NEUTRAL	Focal (arm neutral)	DAXX, H1-2, H1-3, H1-4, H2AC6, H2BC5, H3C2, HLA-A, LTB, NOTCH4	10	DAXX (OncoKB cancer gene); H1-2 (OncoKB cancer gene); H1-3 (OncoKB cancer gene); H1-4 (OncoKB cancer gene); H2AC6 (OncoKB cancer gene); H2BC5 (OncoKB cancer gene); H3C2 (OncoKB cancer gene); HLA-A (Immune evasion); LTB (OncoKB cancer gene); NOTCH4 (OncoKB cancer gene)	6p21.32; -; 6p21.33	DAXX: HOMDEL 0.8%; NULL; NULL; NULL; NULL; NULL; NULL; NULL; LTB: HOMDEL 1.0%; NOTCH4: HOMDEL 0.8%	NULL; H1-2: 0.8%; H1-3: 1.0%; H1-4: 1.0%; H2AC6: 1.0%; H2BC5: 0.8%; H3C2: 0.8%; HLA-A: 3.1%; NULL; NOTCH4: 0.8%	Tier 1 (PTCL gene)	TRUE	TRUE	TRUE
B3_S08	0.6228	0.232739413895103	9	6	37000001	44000000	7	chr6:37-44Mb	0.470781688437927	3	GAIN	3	GAIN	6p	NEUTRAL	Focal (arm neutral)	CCND3, PIM1	2	CCND3 (OncoKB cancer gene); PIM1 (OncoKB cancer gene)	-	NULL; NULL	CCND3: 2.3%; PIM1: 0.8%	Tier 3 (cBioPortal mutated)	FALSE	FALSE	TRUE
B3_S08	0.6228	0.232739413895103	9	6	44000001	49000000	5	chr6:44-49Mb	-0.559811842106226	1	HETD	1	HETD	6p	NEUTRAL	Focal (arm neutral)	none	0	-	-	-	-	No known cancer gene	FALSE	FALSE	FALSE
B3_S08	0.6228	0.232739413895103	9	6	49000001	53000000	4	chr6:49-53Mb	0.156395355907568	3	GAIN	3	GAIN	6p	NEUTRAL	Focal (arm neutral)	none	0	-	-	-	-	No known cancer gene	FALSE	FALSE	FALSE
B3_S08	0.6228	0.232739413895103	9	6	53000001	148000000	95	chr6:53-148Mb	-0.545369022051887	1	HETD	1	HETD	6q	LOSS	YES	BACH2, EPHA7, FOXO3, FYN, PRDM1, ROS1, SGK1, TNFAIP3	8	BACH2 (Transcription factor); EPHA7 (OncoKB cancer gene); FOXO3 (Tumour suppressor); FYN (TCR / kinase signalling); PRDM1 (Tumour suppressor); ROS1 (OncoKB cancer gene); SGK1 (OncoKB cancer gene); TNFAIP3 (Tumour suppressor)	6q15; 6q16.1; -; 6q23.3	BACH2: AMP 1.0%; EPHA7: HOMDEL 0.8%; NULL; NULL; NULL; NULL; NULL; TNFAIP3: HOMDEL 0.8%	NULL; EPHA7: 2.3%; NULL; FYN: 0.8%; PRDM1: 1.5%; ROS1: 1.5%; SGK1: 1.0%; TNFAIP3: 3.1%	Tier 1 (PTCL gene)	TRUE	TRUE	TRUE
B3_S08	0.6228	0.232739413895103	9	6	164000001	170000000	6	chr6:164-170Mb	-0.593995058405049	1	HETD	1	HETD	6q	LOSS	YES	none	0	-	-	-	-	No known cancer gene	FALSE	FALSE	FALSE
B3_S08	0.6228	0.232739413895103	9	7	64000001	72000000	8	chr7:64-72Mb	-0.505560737788638	1	HETD	1	HETD	7q	NEUTRAL	Focal (arm neutral)	none	0	-	-	-	-	No known cancer gene	FALSE	FALSE	FALSE
B3_S08	0.6228	0.232739413895103	9	10	1000001	4000000	3	chr10:1-4Mb	-0.530424144123318	1	HETD	1	HETD	10p	LOSS	YES	none	0	-	-	-	-	No known cancer gene	FALSE	FALSE	FALSE
B3_S08	0.6228	0.232739413895103	9	10	4000001	7000000	3	chr10:4-7Mb	0.388937598768297	3	GAIN	3	GAIN	10p	LOSS	Discordant	none	0	-	-	-	-	No known cancer gene	FALSE	FALSE	FALSE
B3_S08	0.6228	0.232739413895103	9	10	7000001	23000000	16	chr10:7-23Mb	-0.546328414254078	1	HETD	1	HETD	10p	LOSS	YES	GATA3	1	GATA3 (Transcription factor)	10p14	GATA3: AMP 0.8%	GATA3: 0.8%	Tier 1 (PTCL gene)	TRUE	TRUE	TRUE
B3_S08	0.6228	0.232739413895103	9	10	23000001	27000000	4	chr10:23-27Mb	0.315318313526774	3	GAIN	3	GAIN	10p	LOSS	Discordant	none	0	-	-	-	-	No known cancer gene	FALSE	FALSE	FALSE
B3_S08	0.6228	0.232739413895103	9	10	27000001	37000000	10	chr10:27-37Mb	-0.560476924520076	1	HETD	1	HETD	10p	LOSS	YES	none	0	-	-	-	-	No known cancer gene	FALSE	FALSE	FALSE
B3_S08	0.6228	0.232739413895103	9	10	43000001	45000000	2	chr10:43-45Mb	0.441311756837689	3	GAIN	3	GAIN	10q	LOSS	Discordant	RET	1	RET (OncoKB cancer gene)	10q11.21	RET: AMP 0.8%	RET: 0.8%	Tier 2 (cBioPortal CNA)	FALSE	TRUE	TRUE
B3_S08	0.6228	0.232739413895103	9	10	51000001	133000000	82	chr10:51-133Mb	-0.548610757808764	1	HETD	1	HETD	10q	LOSS	YES	ARID5B, FAS, PTEN, SMC3, SUFU, TET1	6	ARID5B (OncoKB cancer gene); FAS (Apoptosis / immune evasion); PTEN (Tumour suppressor); SMC3 (OncoKB cancer gene); SUFU (OncoKB cancer gene); TET1 (OncoKB cancer gene)	10q21.2; 10q23.31; -	ARID5B: HOMDEL 0.8%; AMP 0.8%; FAS: HOMDEL 2.0%; PTEN: HOMDEL 3.0%; NULL; NULL; NULL	ARID5B: 1.5%; FAS: 5.9%; PTEN: 0.8%; SMC3: 1.0%; SUFU: 0.8%; TET1: 0.8%	Tier 1 (PTCL gene)	TRUE	TRUE	TRUE
B3_S08	0.6228	0.232739413895103	9	12	1000001	99000000	98	chr12:1-99Mb	-0.546139421203721	1	HETD	1	HETD	12q	LOSS	YES	ARID2, BTG1, ERBB3, ETV6, KMT2D, KRAS, PIK3C2G	7	ARID2 (Chromatin remodelling); BTG1 (OncoKB cancer gene); ERBB3 (OncoKB cancer gene); ETV6 (OncoKB cancer gene); KMT2D (Epigenetic regulator); KRAS (OncoKB cancer gene); PIK3C2G (OncoKB cancer gene)	-; 12q21.33	NULL; BTG1: AMP 1.0%; NULL; NULL; NULL; NULL; NULL	ARID2: 3.1%; NULL; ERBB3: 0.8%; ETV6: 0.8%; KMT2D: 4.6%; KRAS: 1.5%; PIK3C2G: 3.1%	Tier 1 (PTCL gene)	TRUE	TRUE	TRUE
B3_S08	0.6228	0.232739413895103	9	12	125000001	132000000	7	chr12:125-132Mb	0.285096737810232	3	GAIN	3	GAIN	12q	LOSS	Discordant	EP400	1	EP400 (OncoKB cancer gene)	-	NULL	EP400: 1.0%	Tier 3 (cBioPortal mutated)	FALSE	FALSE	TRUE
B3_S08	0.6228	0.232739413895103	9	13	20000001	24000000	4	chr13:20-24Mb	-0.590568657682938	1	HETD	1	HETD	13q	NEUTRAL	Focal (arm neutral)	LATS2	1	LATS2 (OncoKB cancer gene)	-	NULL	LATS2: 3.4%	Tier 3 (cBioPortal mutated)	FALSE	FALSE	TRUE
B3_S08	0.6228	0.232739413895103	9	13	49000001	52000000	3	chr13:49-52Mb	-0.55589059698509	1	HETD	1	HETD	13q	NEUTRAL	Focal (arm neutral)	none	0	-	-	-	-	No known cancer gene	FALSE	FALSE	FALSE
B3_S08	0.6228	0.232739413895103	9	13	69000001	93000000	24	chr13:69-93Mb	-0.40875878593507	1	HETD	1	HETD	13q	NEUTRAL	Focal (arm neutral)	none	0	-	-	-	-	No known cancer gene	FALSE	FALSE	FALSE
B3_S08	0.6228	0.232739413895103	9	17	1000001	18000000	17	chr17:1-18Mb	-0.584099613119592	1	HETD	1	HETD	17p	LOSS	YES	ALOX12B, AURKB, FLCN, NCOR1, TP53	5	ALOX12B (OncoKB cancer gene); AURKB (OncoKB cancer gene); FLCN (OncoKB cancer gene); NCOR1 (OncoKB cancer gene); TP53 (Tumour suppressor)	17p13.1; 17p11.2; 17p12-p11.2	ALOX12B: HOMDEL 0.8%; AURKB: HOMDEL 0.8%; FLCN: HOMDEL 0.8%; NCOR1: HOMDEL 0.8%; TP53: HOMDEL 2.3%	ALOX12B: 0.8%; NULL; NULL; NCOR1: 1.5%; TP53: 15.9%	Tier 1 (PTCL gene)	TRUE	TRUE	TRUE
B3_S08	0.6228	0.232739413895103	9	18	1000001	14000000	13	chr18:1-14Mb	-0.449325927789827	1	HETD	1	HETD	18p	LOSS	YES	PTPN2	1	PTPN2 (OncoKB cancer gene)	-	NULL	PTPN2: 1.0%	Tier 3 (cBioPortal mutated)	FALSE	FALSE	TRUE
B3_S08	0.6228	0.232739413895103	9	18	22000001	80000000	58	chr18:22-80Mb	0.356500043468949	3	GAIN	3	GAIN	18q	GAIN	YES	BCL2, PIK3C3, SETBP1	3	BCL2 (Oncogene / CNA); PIK3C3 (OncoKB cancer gene); SETBP1 (OncoKB cancer gene)	-	NULL; NULL; NULL	NULL; PIK3C3: 1.5%; SETBP1: 1.0%	Tier 1 (PTCL gene)	TRUE	FALSE	TRUE
B3_S08	0.6228	0.232739413895103	9	19	1000001	4000000	3	chr19:1-4Mb	-0.589206753564339	1	HETD	1	HETD	19p	NEUTRAL	Focal (arm neutral)	DOT1L, GNA11, STK11	3	DOT1L (OncoKB cancer gene); GNA11 (OncoKB cancer gene); STK11 (OncoKB cancer gene)	19p13.3	DOT1L: HOMDEL 0.8%; GNA11: HOMDEL 0.8%; STK11: HOMDEL 0.8%	DOT1L: 0.8%; NULL; NULL	Tier 2 (cBioPortal CNA)	FALSE	TRUE	TRUE
B3_S08	0.6228	0.232739413895103	9	19	33000001	46000000	13	chr19:33-46Mb	-0.584604556383903	1	HETD	1	HETD	19q	NEUTRAL	Focal (arm neutral)	AXL, CD79A, CIC, ERCC2	4	AXL (OncoKB cancer gene); CD79A (OncoKB cancer gene); CIC (OncoKB cancer gene); ERCC2 (OncoKB cancer gene)	-; 19q13.2	NULL; NULL; CIC: HOMDEL 0.8%; NULL	AXL: 0.8%; CD79A: 0.8%; CIC: 1.5%; ERCC2: 3.4%	Tier 2 (cBioPortal CNA)	FALSE	TRUE	TRUE
B3_S08	0.6228	0.232739413895103	9	19	46000001	58000000	12	chr19:46-58Mb	0.356947278931625	3	GAIN	3	GAIN	19q	NEUTRAL	Focal (arm neutral)	PPP2R1A	1	PPP2R1A (OncoKB cancer gene)	-	NULL	PPP2R1A: 0.8%	Tier 3 (cBioPortal mutated)	FALSE	FALSE	TRUE
B3_S08	0.6228	0.232739413895103	9	21	35000001	46000000	11	chr21:35-46Mb	-0.564015855455377	1	HETD	1	HETD	21q	NEUTRAL	Focal (arm neutral)	ERG, RUNX1, SETD4, U2AF1	4	ERG (OncoKB cancer gene); RUNX1 (OncoKB cancer gene); SETD4 (OncoKB cancer gene); U2AF1 (OncoKB cancer gene)	21q22.2; 21q22.12; 21q22.3	ERG: AMP 0.8%; RUNX1: AMP 0.8%; SETD4: AMP 1.0%; U2AF1: AMP 0.8%	ERG: 0.8%; NULL; NULL; NULL	Tier 2 (cBioPortal CNA)	FALSE	TRUE	TRUE
B3_S09	0.3612	0.267161409109152	8	2	1000001	233000000	232	chr2:1-233Mb	0.178735488615734	3	GAIN	3	GAIN	2q	GAIN	YES	ALK, ARID5A, ASXL2, BARD1, CD28, CXCR4, DNMT3A, ERBB4, FBXO11, MSH6, MYCN, PCBP1, REL, SF3B1, SP140, TET3, XPO1	17	ALK (Subtype-specific — ALK+ ALCL); ARID5A (OncoKB cancer gene); ASXL2 (OncoKB cancer gene); BARD1 (OncoKB cancer gene); CD28 (TCR / co-stimulation); CXCR4 (OncoKB cancer gene); DNMT3A (Epigenetic regulator); ERBB4 (OncoKB cancer gene); FBXO11 (OncoKB cancer gene); MSH6 (OncoKB cancer gene); MYCN (OncoKB cancer gene); PCBP1 (OncoKB cancer gene); REL (OncoKB cancer gene); SF3B1 (OncoKB cancer gene); SP140 (OncoKB cancer gene); TET3 (Epigenetic regulator); XPO1 (Nuclear transport)	-; 2q33.2; 2p16.1; 2q37.1	NULL; NULL; NULL; NULL; CD28: AMP 1.0%; NULL; NULL; NULL; NULL; NULL; NULL; NULL; REL: AMP 0.8%; NULL; SP140: HOMDEL 1.0%; NULL; NULL	ALK: 2.3%; ARID5A: 1.0%; ASXL2: 0.8%; BARD1: 0.8%; CD28: 2.0%; CXCR4: 1.5%; DNMT3A: 18.9%; ERBB4: 1.5%; FBXO11: 1.0%; MSH6: 0.8%; MYCN: 0.8%; PCBP1: 1.0%; NULL; SF3B1: 0.8%; SP140: 2.0%; TET3: 3.9%; XPO1: 1.5%	Tier 1 (PTCL gene)	TRUE	TRUE	TRUE
B3_S09	0.3612	0.267161409109152	8	2	234000001	242000000	8	chr2:234-242Mb	-0.645725774486205	1	HETD	1	HETD	2q	GAIN	Discordant	HDAC4, PDCD1	2	HDAC4 (OncoKB cancer gene); PDCD1 (TCR / immune checkpoint)	2q37.3	HDAC4: HOMDEL 2.0%; PDCD1: HOMDEL 1.5%	NULL; NULL	Tier 1 (PTCL gene)	TRUE	TRUE	FALSE
B3_S09	0.3612	0.267161409109152	8	3	1000001	198000000	197	chr3:1-198Mb	-0.27899269509223	1	HETD	1	HETD	3q	LOSS	YES	ATR, BAP1, BCL6, CCR4, CTNNB1, EPHA3, EPHB1, FOXL2, MITF, MLH1, PBRM1, RHOA, ROBO1, SETD2, SETD5, SOX2, STAG1, TBL1XR1, TGFBR2, TP63	20	ATR (OncoKB cancer gene); BAP1 (OncoKB cancer gene); BCL6 (Transcription factor); CCR4 (Subtype-specific — ATLL); CTNNB1 (OncoKB cancer gene); EPHA3 (OncoKB cancer gene); EPHB1 (OncoKB cancer gene); FOXL2 (OncoKB cancer gene); MITF (OncoKB cancer gene); MLH1 (OncoKB cancer gene); PBRM1 (OncoKB cancer gene); RHOA (TCR / GTPase signalling); ROBO1 (OncoKB cancer gene); SETD2 (Epigenetic regulator); SETD5 (OncoKB cancer gene); SOX2 (OncoKB cancer gene); STAG1 (OncoKB cancer gene); TBL1XR1 (Transcription / signalling); TGFBR2 (OncoKB cancer gene); TP63 (Subtype-specific — ALK- ALCL)	-; 3p21.1; 3q27.3; 3p21.31; 3p12.3	NULL; BAP1: HOMDEL 0.8%; BCL6: HOMDEL 1.5%; NULL; NULL; NULL; NULL; NULL; NULL; NULL; PBRM1: HOMDEL 0.8%; RHOA: HOMDEL 0.8%; ROBO1: HOMDEL 1.0%; SETD2: HOMDEL 0.8%; NULL; NULL; NULL; NULL; NULL; NULL	ATR: 0.8%; NULL; NULL; NULL; CTNNB1: 0.8%; EPHA3: 3.1%; EPHB1: 1.5%; FOXL2: 0.8%; MITF: 2.3%; MLH1: 0.8%; PBRM1: 1.5%; RHOA: 30.5%; ROBO1: 3.9%; SETD2: 6.1%; SETD5: 1.0%; SOX2: 0.8%; STAG1: 1.0%; TBL1XR1: 2.0%; TGFBR2: 0.8%; NULL	Tier 1 (PTCL gene)	TRUE	TRUE	TRUE
B3_S09	0.3612	0.267161409109152	8	9	69000001	105000000	36	chr9:69-105Mb	-0.691684267708764	1	HETD	1	HETD	9q	NEUTRAL	Focal (arm neutral)	FANCC, GNAQ, NTRK2, PTCH1, SYK	5	FANCC (OncoKB cancer gene); GNAQ (OncoKB cancer gene); NTRK2 (OncoKB cancer gene); PTCH1 (OncoKB cancer gene); SYK (TCR signalling)	9q22.32; 9q21.2; 9q21.33; 9q22.2	FANCC: HOMDEL 0.8%; GNAQ: HOMDEL 0.8%; NTRK2: HOMDEL 0.8%; PTCH1: HOMDEL 0.8%; SYK: HOMDEL 0.8%	NULL; NULL; NTRK2: 0.8%; PTCH1: 0.8%; NULL	Tier 1 (PTCL gene)	TRUE	TRUE	TRUE
B3_S09	0.3612	0.267161409109152	8	9	105000001	138000000	33	chr9:105-138Mb	0.391398836508053	4	AMP	4	AMP	9q	NEUTRAL	Focal (arm neutral)	ABL1, NOTCH1	2	ABL1 (OncoKB cancer gene); NOTCH1 (Signalling)	-	NULL; NULL	ABL1: 0.8%; NOTCH1: 2.3%	Tier 1 (PTCL gene)	TRUE	FALSE	TRUE
B3_S09	0.3612	0.267161409109152	8	10	29000001	37000000	8	chr10:29-37Mb	-0.66513146548120206	1	HETD	1	HETD	10p	NEUTRAL	Focal (arm neutral)	none	0	-	-	-	-	No known cancer gene	FALSE	FALSE	FALSE
B3_S09	0.3612	0.267161409109152	8	13	20000001	113000000	93	chr13:20-113Mb	-0.308148119173555	1	HETD	1	HETD	13q	LOSS	YES	BRCA2, CDK8, FLT1, FLT3, IRS2, LATS2	6	BRCA2 (OncoKB cancer gene); CDK8 (OncoKB cancer gene); FLT1 (OncoKB cancer gene); FLT3 (OncoKB cancer gene); IRS2 (OncoKB cancer gene); LATS2 (OncoKB cancer gene)	-	NULL; NULL; NULL; NULL; NULL; NULL	BRCA2: 0.8%; CDK8: 0.8%; FLT1: 0.8%; FLT3: 1.5%; IRS2: 0.8%; LATS2: 3.4%	Tier 3 (cBioPortal mutated)	FALSE	FALSE	TRUE
B3_S09	0.3612	0.267161409109152	8	14	90000001	105000000	15	chr14:90-105Mb	0.432929698650124	4	AMP	4	AMP	14q	NEUTRAL	Focal (arm neutral)	AKT1, BCL11B	2	AKT1 (OncoKB cancer gene); BCL11B (OncoKB cancer gene)	-	NULL; NULL	AKT1: 0.8%; BCL11B: 1.0%	Tier 3 (cBioPortal mutated)	FALSE	FALSE	TRUE
B3_S09	0.3612	0.267161409109152	8	18	22000001	80000000	58	chr18:22-80Mb	0.765880630966642	6	HLAMP	5	HLAMP	18q	GAIN	YES	BCL2, PIK3C3, SETBP1	3	BCL2 (Oncogene / CNA); PIK3C3 (OncoKB cancer gene); SETBP1 (OncoKB cancer gene)	-	NULL; NULL; NULL	NULL; PIK3C3: 1.5%; SETBP1: 1.0%	Tier 1 (PTCL gene)	TRUE	FALSE	TRUE
B3_S09	0.3612	0.267161409109152	8	19	1000001	18000000	17	chr19:1-18Mb	0.377553292200642	4	AMP	4	AMP	19p	GAIN	YES	BRD4, CALR, DOT1L, GNA11, JAK3, KEAP1, NOTCH3, PTPRS, SMARCA4, STK11, VAV1	11	BRD4 (OncoKB cancer gene); CALR (OncoKB cancer gene); DOT1L (OncoKB cancer gene); GNA11 (OncoKB cancer gene); JAK3 (JAK-STAT); KEAP1 (OncoKB cancer gene); NOTCH3 (Signalling); PTPRS (OncoKB cancer gene); SMARCA4 (OncoKB cancer gene); STK11 (OncoKB cancer gene); VAV1 (TCR / GTPase signalling)	-; 19p13.3; 19p13.2	NULL; NULL; DOT1L: HOMDEL 0.8%; GNA11: HOMDEL 0.8%; NULL; NULL; NULL; NULL; SMARCA4: HOMDEL 0.8%; STK11: HOMDEL 0.8%; VAV1: AMP 1.0%	BRD4: 1.5%; CALR: 0.8%; DOT1L: 0.8%; NULL; JAK3: 3.0%; KEAP1: 0.8%; NOTCH3: 2.3%; PTPRS: 3.4%; SMARCA4: 0.8%; NULL; VAV1: 4.9%	Tier 1 (PTCL gene)	TRUE	TRUE	TRUE
B3_S09	0.3612	0.267161409109152	8	19	35000001	58000000	23	chr19:35-58Mb	-0.139201316410253	1	HETD	1	HETD	19q	LOSS	YES	AXL, CD79A, CIC, ERCC2, PPP2R1A	5	AXL (OncoKB cancer gene); CD79A (OncoKB cancer gene); CIC (OncoKB cancer gene); ERCC2 (OncoKB cancer gene); PPP2R1A (OncoKB cancer gene)	-; 19q13.2	NULL; NULL; CIC: HOMDEL 0.8%; NULL; NULL	AXL: 0.8%; CD79A: 0.8%; CIC: 1.5%; ERCC2: 3.4%; PPP2R1A: 0.8%	Tier 2 (cBioPortal CNA)	FALSE	TRUE	TRUE
